claim_id,page,exact_public_claim,current_target,strongest_available_evidence,problem,recommended_classification,recommended_action
SITE-CLAIM-0001,active-directory-lab.html,This legacy route has been retired. The active portfolio now focuses on verified Microsoft 365 and Entra evidence.,,evidence-library/projects/microsoft-365-lab/entra-activity-proof-20260605-043730/sign-ins-recent.csv,"Validated claim does not currently resolve to public PRIMARY, PROCEDURE, or adequate VISUAL evidence.",Documented pending public-safe direct evidence,"Copy a sanitized public-safe direct evidence excerpt with provenance and hash, or downgrade/remove the claim. Run sensitive-data review before any publication."
SITE-CLAIM-0005,active-directory-lab.html,This legacy page is no longer part of the active public proof surface.,projects.html,artifacts/target-local-collection/Linux01/linux01-sssd-diagnostic-20260626-094322.json,"Validated claim does not currently resolve to public PRIMARY, PROCEDURE, or adequate VISUAL evidence.",Documented,Add a direct PRIMARY/PROCEDURE/VISUAL evidence link or downgrade the claim/link label. Run sensitive-data review before any publication.
SITE-CLAIM-0010,archive/pre-site-upgrade-20260602/active-directory-lab.html,Jeremy Fontenot Home Projects Proof Dashboard Resume Contact,archive/pre-site-upgrade-20260602/index.html; archive/pre-site-upgrade-20260602/index.html; archive/pre-site-upgrade-20260602/projects.html; archive/pre-site-upgrade-20260602/proof.html; archive/pre-site-upgrade-20260602/dashboard.html; archive/pre-site-upgrade-20260602/resume.html; archive/pre-site-upgrade-20260602/contact.html,artifacts/target-local-collection/Linux01/linux01-sssd-diagnostic-20260626-094322.json,"Validated claim does not currently resolve to public PRIMARY, PROCEDURE, or adequate VISUAL evidence.",Documented,Add a direct PRIMARY/PROCEDURE/VISUAL evidence link or downgrade the claim/link label. Run sensitive-data review before any publication.
SITE-CLAIM-0025,archive/pre-site-upgrade-20260602/contact.html,Jeremy Fontenot Home Projects Proof Dashboard Resume Contact,archive/pre-site-upgrade-20260602/index.html; archive/pre-site-upgrade-20260602/index.html; archive/pre-site-upgrade-20260602/projects.html; archive/pre-site-upgrade-20260602/proof.html; archive/pre-site-upgrade-20260602/dashboard.html; archive/pre-site-upgrade-20260602/resume.html; archive/pre-site-upgrade-20260602/contact.html,artifacts/target-local-collection/Linux01/linux01-sssd-diagnostic-20260626-094322.json,"Validated claim does not currently resolve to public PRIMARY, PROCEDURE, or adequate VISUAL evidence.",Documented,Add a direct PRIMARY/PROCEDURE/VISUAL evidence link or downgrade the claim/link label. Run sensitive-data review before any publication.
SITE-CLAIM-0029,archive/pre-site-upgrade-20260602/contact.html,"Recruiters, hiring managers, and IT leaders can start with the resume, then use the project and proof pages to review supporting work.",archive/pre-site-upgrade-20260602/assets/resume/jeremy-fontenot-resume.pdf; archive/pre-site-upgrade-20260602/projects.html; archive/pre-site-upgrade-20260602/proof.html,artifacts/target-local-collection/Linux01/linux01-sssd-diagnostic-20260626-094322.json,"Validated claim does not currently resolve to public PRIMARY, PROCEDURE, or adequate VISUAL evidence.",Unsupported until link resolves,Fix or remove broken evidence link; then retest link resolution. Run sensitive-data review before any publication.
SITE-CLAIM-0030,archive/pre-site-upgrade-20260602/contact.html,"Download Resume Review Projects Open Proof Role Fit Recruiter-ready 01 Current focus Enterprise Service Desk, IT Support, and Microsoft 365 operations.",archive/pre-site-upgrade-20260602/assets/resume/jeremy-fontenot-resume.pdf; archive/pre-site-upgrade-20260602/projects.html; archive/pre-site-upgrade-20260602/proof.html,artifacts/visual-review/current/visual-review-results.json,"Validated claim does not currently resolve to public PRIMARY, PROCEDURE, or adequate VISUAL evidence.",Unsupported until link resolves,Fix or remove broken evidence link; then retest link resolution.
SITE-CLAIM-0031,archive/pre-site-upgrade-20260602/contact.html,"03 Review path Resume, proof documents, scripts, diagrams, and project pages are available for fast screening.",archive/pre-site-upgrade-20260602/assets/resume/jeremy-fontenot-resume.pdf; archive/pre-site-upgrade-20260602/projects.html; archive/pre-site-upgrade-20260602/proof.html,artifacts/target-local-collection/Linux01/linux01-sssd-diagnostic-20260626-094322.json,"Validated claim does not currently resolve to public PRIMARY, PROCEDURE, or adequate VISUAL evidence.",Unsupported until link resolves,Fix or remove broken evidence link; then retest link resolution. Run sensitive-data review before any publication.
SITE-CLAIM-0034,archive/pre-site-upgrade-20260602/dashboard.html,Jeremy Fontenot Home Projects Proof Dashboard Resume Contact,archive/pre-site-upgrade-20260602/index.html; archive/pre-site-upgrade-20260602/index.html; archive/pre-site-upgrade-20260602/projects.html; archive/pre-site-upgrade-20260602/proof.html; archive/pre-site-upgrade-20260602/dashboard.html; archive/pre-site-upgrade-20260602/resume.html; archive/pre-site-upgrade-20260602/contact.html,artifacts/target-local-collection/Linux01/linux01-sssd-diagnostic-20260626-094322.json,"Validated claim does not currently resolve to public PRIMARY, PROCEDURE, or adequate VISUAL evidence.",Documented,Add a direct PRIMARY/PROCEDURE/VISUAL evidence link or downgrade the claim/link label. Run sensitive-data review before any publication.
SITE-CLAIM-0036,archive/pre-site-upgrade-20260602/dashboard.html,Review Proof Library Repository health file Governance Tracked CI Validation Repository checks remain part of release readiness.,archive/pre-site-upgrade-20260602/proof.html; archive/pre-site-upgrade-20260602/artifacts/dashboard/repository-health.md,evidence/home-lab-backup-restore-validation-20260629.txt,"Validated claim does not currently resolve to public PRIMARY, PROCEDURE, or adequate VISUAL evidence.",Unsupported until link resolves,Fix or remove broken evidence link; then retest link resolution.
SITE-CLAIM-0038,archive/pre-site-upgrade-20260602/dashboard.html,"LINK Proof Evidence paths Resume downloads, proof documents, diagrams, scripts, and public evidence links are treated as release blockers.",,artifacts/target-local-collection/Linux01/linux01-sssd-diagnostic-20260626-094322.json,"Validated claim does not currently resolve to public PRIMARY, PROCEDURE, or adequate VISUAL evidence.",Documented pending public-safe direct evidence,"Copy a sanitized public-safe direct evidence excerpt with provenance and hash, or downgrade/remove the claim. Run sensitive-data review before any publication."
SITE-CLAIM-0048,archive/pre-site-upgrade-20260602/index.html,Open Proof Library,archive/pre-site-upgrade-20260602/proof.html,artifacts/target-local-collection/Linux01/linux01-sssd-diagnostic-20260626-094322.json,"Validated claim does not currently resolve to public PRIMARY, PROCEDURE, or adequate VISUAL evidence.",Documented,Add a direct PRIMARY/PROCEDURE/VISUAL evidence link or downgrade the claim/link label. Run sensitive-data review before any publication.
SITE-CLAIM-0065,archive/pre-site-upgrade-20260602/index.html,"Certification badges are surfaced as supporting proof, not inflated experience.",,artifacts/target-local-collection/Linux01/linux01-sssd-diagnostic-20260626-094322.json,"Validated claim does not currently resolve to public PRIMARY, PROCEDURE, or adequate VISUAL evidence.",Documented pending public-safe direct evidence,"Copy a sanitized public-safe direct evidence excerpt with provenance and hash, or downgrade/remove the claim. Run sensitive-data review before any publication."
SITE-CLAIM-0074,archive/pre-site-upgrade-20260602/index.html,Verify Supporting Proof,archive/pre-site-upgrade-20260602/proof.html,artifacts/target-local-collection/Linux01/linux01-sssd-diagnostic-20260626-094322.json,"Validated claim does not currently resolve to public PRIMARY, PROCEDURE, or adequate VISUAL evidence.",Documented,Add a direct PRIMARY/PROCEDURE/VISUAL evidence link or downgrade the claim/link label. Run sensitive-data review before any publication.
SITE-CLAIM-0080,archive/pre-site-upgrade-20260602/infrastructure.html,Verified home lab and infrastructure operations experience aligned to systems administration progression.,,evidence/home-lab-backup-restore-validation-20260629.txt,"Validated claim does not currently resolve to public PRIMARY, PROCEDURE, or adequate VISUAL evidence.",Documented pending public-safe direct evidence,"Copy a sanitized public-safe direct evidence excerpt with provenance and hash, or downgrade/remove the claim."
SITE-CLAIM-0081,archive/pre-site-upgrade-20260602/infrastructure.html,Jeremy Fontenot Home Projects Proof Dashboard Resume Contact,archive/pre-site-upgrade-20260602/index.html; archive/pre-site-upgrade-20260602/index.html; archive/pre-site-upgrade-20260602/projects.html; archive/pre-site-upgrade-20260602/proof.html; archive/pre-site-upgrade-20260602/dashboard.html; archive/pre-site-upgrade-20260602/resume.html; archive/pre-site-upgrade-20260602/contact.html,artifacts/target-local-collection/Linux01/linux01-sssd-diagnostic-20260626-094322.json,"Validated claim does not currently resolve to public PRIMARY, PROCEDURE, or adequate VISUAL evidence.",Documented,Add a direct PRIMARY/PROCEDURE/VISUAL evidence link or downgrade the claim/link label. Run sensitive-data review before any publication.
SITE-CLAIM-0083,archive/pre-site-upgrade-20260602/infrastructure.html,Infrastructure Experience Verified home lab and systems administration progression.,archive/pre-site-upgrade-20260602/evidence-library/proxmox/proxmox-host-evidence.md; archive/pre-site-upgrade-20260602/evidence-library/windows-server/windows-server-evidence.md; archive/pre-site-upgrade-20260602/network-segmentation.html,evidence/home-lab-backup-restore-validation-20260629.txt,"Validated claim does not currently resolve to public PRIMARY, PROCEDURE, or adequate VISUAL evidence.",Unsupported until link resolves,Fix or remove broken evidence link; then retest link resolution.
SITE-CLAIM-0085,archive/pre-site-upgrade-20260602/infrastructure.html,Open Proxmox Evidence Windows Server Evidence Network Segmentation Infrastructure Map Verified,archive/pre-site-upgrade-20260602/evidence-library/proxmox/proxmox-host-evidence.md; archive/pre-site-upgrade-20260602/evidence-library/windows-server/windows-server-evidence.md; archive/pre-site-upgrade-20260602/network-segmentation.html,inventories/proxmox-inventory-20260626-010601.json,"Validated claim does not currently resolve to public PRIMARY, PROCEDURE, or adequate VISUAL evidence.",Unsupported until link resolves,Fix or remove broken evidence link; then retest link resolution. Run sensitive-data review before any publication.
SITE-CLAIM-0087,archive/pre-site-upgrade-20260602/infrastructure.html,"Proxmox host evidence AD Windows Windows Server and AD Validated identity concepts, DNS, DHCP, authentication boundaries, and administration workflows.",archive/pre-site-upgrade-20260602/evidence-library/proxmox/proxmox-host-evidence.md; archive/pre-site-upgrade-20260602/evidence-library/windows-server/windows-server-evidence.md; archive/pre-site-upgrade-20260602/evidence-library/network/dhcp-dns-evidence.md; archive/pre-site-upgrade-20260602/evidence-library/network/firewall-rules-evidence.md; archive/pre-site-upgrade-20260602/evidence-library/vpn/vpn-configuration-evidence.md,evidence-library/projects/on-prem-home-lab/validated-2026-06-26/operations-validation-summary.json,"Validated claim does not currently resolve to public PRIMARY, PROCEDURE, or adequate VISUAL evidence.",Unsupported until link resolves,Fix or remove broken evidence link; then retest link resolution. Run sensitive-data review before any publication.
SITE-CLAIM-0090,archive/pre-site-upgrade-20260602/microsoft-365-lab.html,"Verified historical Microsoft 365 tenant administration lab covering identity administration, user lifecycle, MFA concepts, and tenant operations validation.",,evidence-library/projects/on-prem-home-lab/validated-2026-06-26/operations-validation-summary.json,"Validated claim does not currently resolve to public PRIMARY, PROCEDURE, or adequate VISUAL evidence.",Documented pending public-safe direct evidence,"Copy a sanitized public-safe direct evidence excerpt with provenance and hash, or downgrade/remove the claim. Run sensitive-data review before any publication."
SITE-CLAIM-0093,archive/pre-site-upgrade-20260602/microsoft-365-lab.html,Jeremy Fontenot Home Projects Proof Dashboard Resume Contact,archive/pre-site-upgrade-20260602/index.html; archive/pre-site-upgrade-20260602/index.html; archive/pre-site-upgrade-20260602/projects.html; archive/pre-site-upgrade-20260602/proof.html; archive/pre-site-upgrade-20260602/dashboard.html; archive/pre-site-upgrade-20260602/resume.html; archive/pre-site-upgrade-20260602/contact.html,artifacts/target-local-collection/Linux01/linux01-sssd-diagnostic-20260626-094322.json,"Validated claim does not currently resolve to public PRIMARY, PROCEDURE, or adequate VISUAL evidence.",Documented,Add a direct PRIMARY/PROCEDURE/VISUAL evidence link or downgrade the claim/link label. Run sensitive-data review before any publication.
SITE-CLAIM-0096,archive/pre-site-upgrade-20260602/microsoft-365-lab.html,This project represents verified hands-on Microsoft 365 administration experience in a historical tenant environment.,,evidence-library/projects/on-prem-home-lab/validated-2026-06-26/operations-validation-summary.json,"Validated claim does not currently resolve to public PRIMARY, PROCEDURE, or adequate VISUAL evidence.",Documented pending public-safe direct evidence,"Copy a sanitized public-safe direct evidence excerpt with provenance and hash, or downgrade/remove the claim. Run sensitive-data review before any publication."
SITE-CLAIM-0098,archive/pre-site-upgrade-20260602/microsoft-365-lab.html,Proof Library,archive/pre-site-upgrade-20260602/proof.html,artifacts/target-local-collection/Linux01/linux01-sssd-diagnostic-20260626-094322.json,"Validated claim does not currently resolve to public PRIMARY, PROCEDURE, or adequate VISUAL evidence.",Documented,Add a direct PRIMARY/PROCEDURE/VISUAL evidence link or downgrade the claim/link label. Run sensitive-data review before any publication.
SITE-CLAIM-0111,archive/pre-site-upgrade-20260602/network-segmentation.html,Home Projects Proof Dashboard Resume Contact,archive/pre-site-upgrade-20260602/index.html; archive/pre-site-upgrade-20260602/projects.html; archive/pre-site-upgrade-20260602/proof.html; archive/pre-site-upgrade-20260602/dashboard.html; archive/pre-site-upgrade-20260602/resume.html; archive/pre-site-upgrade-20260602/contact.html,artifacts/target-local-collection/Linux01/linux01-sssd-diagnostic-20260626-094322.json,"Validated claim does not currently resolve to public PRIMARY, PROCEDURE, or adequate VISUAL evidence.",Documented,Add a direct PRIMARY/PROCEDURE/VISUAL evidence link or downgrade the claim/link label. Run sensitive-data review before any publication.
SITE-CLAIM-0115,archive/pre-site-upgrade-20260602/network-segmentation.html,"This project demonstrates firewall boundary planning, VLAN segmentation, DNS/DHCP placement, VPN concepts, Proxmox bridge mapping, switch port documentation, and validation methodology using verified home lab infrastructure.",,evidence-library/projects/on-prem-home-lab/validated-2026-06-26/operations-validation-summary.json,"Validated claim does not currently resolve to public PRIMARY, PROCEDURE, or adequate VISUAL evidence.",Documented pending public-safe direct evidence,"Copy a sanitized public-safe direct evidence excerpt with provenance and hash, or downgrade/remove the claim. Run sensitive-data review before any publication."
SITE-CLAIM-0118,archive/pre-site-upgrade-20260602/network-segmentation.html,Segmentation Verified,,artifacts/target-local-collection/Linux01/linux01-sssd-diagnostic-20260626-094322.json,"Validated claim does not currently resolve to public PRIMARY, PROCEDURE, or adequate VISUAL evidence.",Documented pending public-safe direct evidence,"Copy a sanitized public-safe direct evidence excerpt with provenance and hash, or downgrade/remove the claim. Run sensitive-data review before any publication."
SITE-CLAIM-0133,archive/pre-site-upgrade-20260602/powershell-automation.html,Jeremy Fontenot Home Projects Proof Dashboard Resume Contact,archive/pre-site-upgrade-20260602/index.html; archive/pre-site-upgrade-20260602/index.html; archive/pre-site-upgrade-20260602/projects.html; archive/pre-site-upgrade-20260602/proof.html; archive/pre-site-upgrade-20260602/dashboard.html; archive/pre-site-upgrade-20260602/resume.html; archive/pre-site-upgrade-20260602/contact.html,artifacts/target-local-collection/Linux01/linux01-sssd-diagnostic-20260626-094322.json,"Validated claim does not currently resolve to public PRIMARY, PROCEDURE, or adequate VISUAL evidence.",Documented,Add a direct PRIMARY/PROCEDURE/VISUAL evidence link or downgrade the claim/link label. Run sensitive-data review before any publication.
SITE-CLAIM-0142,archive/pre-site-upgrade-20260602/projects.html,"Verified systems administration, infrastructure operations, Microsoft 365, Active Directory, networking, and PowerShell automation projects by Jeremy Fontenot.",,evidence-library/projects/on-prem-home-lab/validated-2026-06-26/operations-validation-summary.json,"Validated claim does not currently resolve to public PRIMARY, PROCEDURE, or adequate VISUAL evidence.",Documented pending public-safe direct evidence,"Copy a sanitized public-safe direct evidence excerpt with provenance and hash, or downgrade/remove the claim. Run sensitive-data review before any publication."
SITE-CLAIM-0143,archive/pre-site-upgrade-20260602/projects.html,"Enterprise project portfolio showing verified infrastructure, Microsoft 365, Active Directory, pfSense, Proxmox, and PowerShell work.",,evidence-library/projects/on-prem-home-lab/validated-2026-06-26/operations-validation-summary.json,"Validated claim does not currently resolve to public PRIMARY, PROCEDURE, or adequate VISUAL evidence.",Documented pending public-safe direct evidence,"Copy a sanitized public-safe direct evidence excerpt with provenance and hash, or downgrade/remove the claim. Run sensitive-data review before any publication."
SITE-CLAIM-0146,archive/pre-site-upgrade-20260602/projects.html,"Validated Skills Microsoft 365, Active Directory, Networking, PowerShell, and Virtualization.",,evidence-library/projects/on-prem-home-lab/validated-2026-06-26/operations-validation-summary.json,"Validated claim does not currently resolve to public PRIMARY, PROCEDURE, or adequate VISUAL evidence.",Documented pending public-safe direct evidence,"Copy a sanitized public-safe direct evidence excerpt with provenance and hash, or downgrade/remove the claim. Run sensitive-data review before any publication."
SITE-CLAIM-0155,archive/pre-site-upgrade-20260602/projects.html,"Skills Validated: Virtualization, resource planning, infrastructure management, service boundaries, and operational documentation.",,evidence-library/projects/on-prem-home-lab/validated-2026-06-26/operations-validation-summary.json,"Validated claim does not currently resolve to public PRIMARY, PROCEDURE, or adequate VISUAL evidence.",Documented pending public-safe direct evidence,"Copy a sanitized public-safe direct evidence excerpt with provenance and hash, or downgrade/remove the claim. Run sensitive-data review before any publication."
SITE-CLAIM-0163,archive/pre-site-upgrade-20260602/projects.html,"Skills Validated: DNS, DHCP, Group Policy, user administration, authentication concepts, and change documentation.",,evidence-library/projects/on-prem-home-lab/validated-2026-06-26/operations-validation-summary.json,"Validated claim does not currently resolve to public PRIMARY, PROCEDURE, or adequate VISUAL evidence.",Documented pending public-safe direct evidence,"Copy a sanitized public-safe direct evidence excerpt with provenance and hash, or downgrade/remove the claim. Run sensitive-data review before any publication."
SITE-CLAIM-0170,archive/pre-site-upgrade-20260602/projects.html,"Skills Validated: Identity administration, MFA concepts, account lifecycle management, Entra ID, and Microsoft 365 support context.",,evidence-library/projects/on-prem-home-lab/validated-2026-06-26/operations-validation-summary.json,"Validated claim does not currently resolve to public PRIMARY, PROCEDURE, or adequate VISUAL evidence.",Documented pending public-safe direct evidence,"Copy a sanitized public-safe direct evidence excerpt with provenance and hash, or downgrade/remove the claim. Run sensitive-data review before any publication."
SITE-CLAIM-0179,archive/pre-site-upgrade-20260602/projects.html,"Skills Validated: Firewall administration, VPN concepts, network segmentation, DNS/DHCP review, and troubleshooting methodology.",,evidence-library/projects/on-prem-home-lab/validated-2026-06-26/operations-validation-summary.json,"Validated claim does not currently resolve to public PRIMARY, PROCEDURE, or adequate VISUAL evidence.",Documented pending public-safe direct evidence,"Copy a sanitized public-safe direct evidence excerpt with provenance and hash, or downgrade/remove the claim. Run sensitive-data review before any publication."
SITE-CLAIM-0186,archive/pre-site-upgrade-20260602/projects.html,"Skills Validated: Automation, operational efficiency, repeatability, validation context, and documentation discipline.",,evidence-library/projects/on-prem-home-lab/validated-2026-06-26/operations-validation-summary.json,"Validated claim does not currently resolve to public PRIMARY, PROCEDURE, or adequate VISUAL evidence.",Documented pending public-safe direct evidence,"Copy a sanitized public-safe direct evidence excerpt with provenance and hash, or downgrade/remove the claim. Run sensitive-data review before any publication."
SITE-CLAIM-0188,archive/pre-site-upgrade-20260602/projects.html,"The home lab centers on verified infrastructure components and support workflows: internet edge access, pfSense routing and firewalling, D-Link switching, Dell R710 compute, Proxmox virtualization, Windows Server services, Active Directory, DNS, DHCP, VPN access, and network monitoring concepts.",,evidence-library/projects/on-prem-home-lab/validated-2026-06-26/operations-validation-summary.json,"Validated claim does not currently resolve to public PRIMARY, PROCEDURE, or adequate VISUAL evidence.",Documented pending public-safe direct evidence,"Copy a sanitized public-safe direct evidence excerpt with provenance and hash, or downgrade/remove the claim. Run sensitive-data review before any publication."
SITE-CLAIM-0199,archive/pre-site-upgrade-20260602/projects.html,Skills Validated,,evidence-library/projects/on-prem-home-lab/validated-2026-06-26/operations-validation-summary.json,"Validated claim does not currently resolve to public PRIMARY, PROCEDURE, or adequate VISUAL evidence.",Documented pending public-safe direct evidence,"Copy a sanitized public-safe direct evidence excerpt with provenance and hash, or downgrade/remove the claim. Run sensitive-data review before any publication."
SITE-CLAIM-0213,archive/pre-site-upgrade-20260602/projects.html,"Start with the infrastructure work, then verify the proof.",,artifacts/target-local-collection/Linux01/linux01-sssd-diagnostic-20260626-094322.json,"Validated claim does not currently resolve to public PRIMARY, PROCEDURE, or adequate VISUAL evidence.",Documented pending public-safe direct evidence,"Copy a sanitized public-safe direct evidence excerpt with provenance and hash, or downgrade/remove the claim. Run sensitive-data review before any publication."
SITE-CLAIM-0214,archive/pre-site-upgrade-20260602/projects.html,Open Proof Library,archive/pre-site-upgrade-20260602/proof.html,artifacts/target-local-collection/Linux01/linux01-sssd-diagnostic-20260626-094322.json,"Validated claim does not currently resolve to public PRIMARY, PROCEDURE, or adequate VISUAL evidence.",Documented,Add a direct PRIMARY/PROCEDURE/VISUAL evidence link or downgrade the claim/link label. Run sensitive-data review before any publication.
SITE-CLAIM-0218,archive/pre-site-upgrade-20260602/projects.html,Proof Library,archive/pre-site-upgrade-20260602/proof.html,artifacts/target-local-collection/Linux01/linux01-sssd-diagnostic-20260626-094322.json,"Validated claim does not currently resolve to public PRIMARY, PROCEDURE, or adequate VISUAL evidence.",Documented,Add a direct PRIMARY/PROCEDURE/VISUAL evidence link or downgrade the claim/link label. Run sensitive-data review before any publication.
SITE-CLAIM-0223,archive/pre-site-upgrade-20260602/proof.html,https://jeremyfontenot.online/proof.html,,artifacts/target-local-collection/Linux01/linux01-sssd-diagnostic-20260626-094322.json,"Validated claim does not currently resolve to public PRIMARY, PROCEDURE, or adequate VISUAL evidence.",Documented pending public-safe direct evidence,"Copy a sanitized public-safe direct evidence excerpt with provenance and hash, or downgrade/remove the claim. Run sensitive-data review before any publication."
SITE-CLAIM-0224,archive/pre-site-upgrade-20260602/proof.html,Technical Proof Center,,artifacts/target-local-collection/Linux01/linux01-sssd-diagnostic-20260626-094322.json,"Validated claim does not currently resolve to public PRIMARY, PROCEDURE, or adequate VISUAL evidence.",Documented pending public-safe direct evidence,"Copy a sanitized public-safe direct evidence excerpt with provenance and hash, or downgrade/remove the claim. Run sensitive-data review before any publication."
SITE-CLAIM-0229,archive/pre-site-upgrade-20260602/proof.html,Proof grouped by the capabilities IT teams screen for.,,artifacts/target-local-collection/Linux01/linux01-sssd-diagnostic-20260626-094322.json,"Validated claim does not currently resolve to public PRIMARY, PROCEDURE, or adequate VISUAL evidence.",Documented pending public-safe direct evidence,"Copy a sanitized public-safe direct evidence excerpt with provenance and hash, or downgrade/remove the claim. Run sensitive-data review before any publication."
SITE-CLAIM-0255,archive/pre-site-upgrade-20260602/proof.html,Microsoft 365 Skills Validated,,evidence-library/projects/on-prem-home-lab/validated-2026-06-26/operations-validation-summary.json,"Validated claim does not currently resolve to public PRIMARY, PROCEDURE, or adequate VISUAL evidence.",Documented pending public-safe direct evidence,"Copy a sanitized public-safe direct evidence excerpt with provenance and hash, or downgrade/remove the claim. Run sensitive-data review before any publication."
SITE-CLAIM-0259,archive/pre-site-upgrade-20260602/proof.html,Active Directory Skills Validated,,evidence-library/projects/on-prem-home-lab/validated-2026-06-26/operations-validation-summary.json,"Validated claim does not currently resolve to public PRIMARY, PROCEDURE, or adequate VISUAL evidence.",Documented pending public-safe direct evidence,"Copy a sanitized public-safe direct evidence excerpt with provenance and hash, or downgrade/remove the claim. Run sensitive-data review before any publication."
SITE-CLAIM-0267,archive/pre-site-upgrade-20260602/proof.html,Concepts validated,,evidence-library/projects/on-prem-home-lab/validated-2026-06-26/operations-validation-summary.json,"Validated claim does not currently resolve to public PRIMARY, PROCEDURE, or adequate VISUAL evidence.",Documented pending public-safe direct evidence,"Copy a sanitized public-safe direct evidence excerpt with provenance and hash, or downgrade/remove the claim. Run sensitive-data review before any publication."
SITE-CLAIM-0270,archive/pre-site-upgrade-20260602/proof.html,Home lab network proof files reviewers can open.,,evidence/home-lab-backup-restore-validation-20260629.txt,"Validated claim does not currently resolve to public PRIMARY, PROCEDURE, or adequate VISUAL evidence.",Documented pending public-safe direct evidence,"Copy a sanitized public-safe direct evidence excerpt with provenance and hash, or downgrade/remove the claim."
SITE-CLAIM-0271,archive/pre-site-upgrade-20260602/proof.html,These Markdown files are the proof artifacts behind the validation checklist.,,evidence/home-lab-backup-restore-validation-20260629.txt,"Validated claim does not currently resolve to public PRIMARY, PROCEDURE, or adequate VISUAL evidence.",Documented pending public-safe direct evidence,"Copy a sanitized public-safe direct evidence excerpt with provenance and hash, or downgrade/remove the claim."
SITE-CLAIM-0292,archive/pre-site-upgrade-20260602/proof.html,Proof Mapping,,artifacts/target-local-collection/Linux01/linux01-sssd-diagnostic-20260626-094322.json,"Validated claim does not currently resolve to public PRIMARY, PROCEDURE, or adequate VISUAL evidence.",Documented pending public-safe direct evidence,"Copy a sanitized public-safe direct evidence excerpt with provenance and hash, or downgrade/remove the claim. Run sensitive-data review before any publication."
SITE-CLAIM-0293,archive/pre-site-upgrade-20260602/proof.html,Primary proof path,,artifacts/target-local-collection/Linux01/linux01-sssd-diagnostic-20260626-094322.json,"Validated claim does not currently resolve to public PRIMARY, PROCEDURE, or adequate VISUAL evidence.",Documented pending public-safe direct evidence,"Copy a sanitized public-safe direct evidence excerpt with provenance and hash, or downgrade/remove the claim. Run sensitive-data review before any publication."
SITE-CLAIM-0326,archive/pre-site-upgrade-20260602/resume.html,Jeremy Fontenot Home Projects Proof Dashboard Resume Contact,archive/pre-site-upgrade-20260602/index.html; archive/pre-site-upgrade-20260602/index.html; archive/pre-site-upgrade-20260602/projects.html; archive/pre-site-upgrade-20260602/proof.html; archive/pre-site-upgrade-20260602/dashboard.html; archive/pre-site-upgrade-20260602/resume.html; archive/pre-site-upgrade-20260602/contact.html,artifacts/target-local-collection/Linux01/linux01-sssd-diagnostic-20260626-094322.json,"Validated claim does not currently resolve to public PRIMARY, PROCEDURE, or adequate VISUAL evidence.",Documented,Add a direct PRIMARY/PROCEDURE/VISUAL evidence link or downgrade the claim/link label. Run sensitive-data review before any publication.
SITE-CLAIM-0336,archive/pre-site-upgrade-20260602/service-desk-rca.html,Jeremy Fontenot Home Projects Proof Dashboard Resume Contact,archive/pre-site-upgrade-20260602/index.html; archive/pre-site-upgrade-20260602/index.html; archive/pre-site-upgrade-20260602/projects.html; archive/pre-site-upgrade-20260602/proof.html; archive/pre-site-upgrade-20260602/dashboard.html; archive/pre-site-upgrade-20260602/resume.html; archive/pre-site-upgrade-20260602/contact.html,artifacts/target-local-collection/Linux01/linux01-sssd-diagnostic-20260626-094322.json,"Validated claim does not currently resolve to public PRIMARY, PROCEDURE, or adequate VISUAL evidence.",Documented,Add a direct PRIMARY/PROCEDURE/VISUAL evidence link or downgrade the claim/link label. Run sensitive-data review before any publication.
SITE-CLAIM-0342,contact.html,Home Projects Home Lab Proof Dashboard Resume Contact,.; projects.html; on-prem-home-lab.html; proof.html; dashboard.html; resume.html; contact.html,evidence/home-lab-backup-restore-validation-20260629.txt,"Validated claim does not currently resolve to public PRIMARY, PROCEDURE, or adequate VISUAL evidence.",Unsupported until link resolves,Fix or remove broken evidence link; then retest link resolution.
SITE-CLAIM-0346,contact.html,"TECH Technical Interviews Open the home-lab case study, proof index, and APA document for evidence-backed technical screening.",,artifacts/target-local-collection/Linux01/linux01-sssd-diagnostic-20260626-094322.json,"Validated claim does not currently resolve to public PRIMARY, PROCEDURE, or adequate VISUAL evidence.",Documented pending public-safe direct evidence,"Copy a sanitized public-safe direct evidence excerpt with provenance and hash, or downgrade/remove the claim. Run sensitive-data review before any publication."
SITE-CLAIM-0347,contact.html,"PORT Portfolio Review Use the proof index and dashboard to inspect source artifacts, links, and validation boundaries.",,evidence/home-lab-backup-restore-validation-20260629.txt,"Validated claim does not currently resolve to public PRIMARY, PROCEDURE, or adequate VISUAL evidence.",Documented pending public-safe direct evidence,"Copy a sanitized public-safe direct evidence excerpt with provenance and hash, or downgrade/remove the claim."
SITE-CLAIM-0349,contact.html,Home Projects Home Lab Proof Dashboard Resume Contact,.; projects.html; on-prem-home-lab.html; proof.html; dashboard.html; resume.html; contact.html,evidence/home-lab-backup-restore-validation-20260629.txt,"Validated claim does not currently resolve to public PRIMARY, PROCEDURE, or adequate VISUAL evidence.",Unsupported until link resolves,Fix or remove broken evidence link; then retest link resolution.
SITE-CLAIM-0358,dashboard.html,Home Projects Home Lab Proof Dashboard Resume Contact,.; projects.html; on-prem-home-lab.html; proof.html; dashboard.html; resume.html; contact.html,evidence/home-lab-backup-restore-validation-20260629.txt,"Validated claim does not currently resolve to public PRIMARY, PROCEDURE, or adequate VISUAL evidence.",Unsupported until link resolves,Fix or remove broken evidence link; then retest link resolution.
SITE-CLAIM-0364,dashboard.html,Home Projects Home Lab Proof Dashboard Resume Contact,.; projects.html; on-prem-home-lab.html; proof.html; dashboard.html; resume.html; contact.html,evidence/home-lab-backup-restore-validation-20260629.txt,"Validated claim does not currently resolve to public PRIMARY, PROCEDURE, or adequate VISUAL evidence.",Unsupported until link resolves,Fix or remove broken evidence link; then retest link resolution.
SITE-CLAIM-0370,evidence-library/index.html,Evidence Library | Microsoft 365 and Entra Proof,evidence-library/../proof.html; evidence-library/../proof.html; evidence-library/projects/microsoft-365-lab/evidence/entra-exports-20260605-073748/README.md; evidence-library/projects/microsoft-365-lab/m365-entra-site-proof-map-20260605.md; evidence-library/projects/microsoft-365-lab/m365-entra-live-proof-summary-20260605.md,evidence-library/projects/microsoft-365-lab/entra-activity-proof-20260605-043730/sign-ins-recent.csv,"Validated claim does not currently resolve to public PRIMARY, PROCEDURE, or adequate VISUAL evidence.",Unsupported until link resolves,Fix or remove broken evidence link; then retest link resolution. Run sensitive-data review before any publication.
SITE-CLAIM-0372,evidence-library/index.html,Evidence Library | Microsoft 365 and Entra Proof,evidence-library/../proof.html; evidence-library/../proof.html; evidence-library/projects/microsoft-365-lab/evidence/entra-exports-20260605-073748/README.md; evidence-library/projects/microsoft-365-lab/m365-entra-site-proof-map-20260605.md; evidence-library/projects/microsoft-365-lab/m365-entra-live-proof-summary-20260605.md,evidence-library/projects/microsoft-365-lab/entra-activity-proof-20260605-043730/sign-ins-recent.csv,"Validated claim does not currently resolve to public PRIMARY, PROCEDURE, or adequate VISUAL evidence.",Unsupported until link resolves,Fix or remove broken evidence link; then retest link resolution. Run sensitive-data review before any publication.
SITE-CLAIM-0374,evidence-library/index.html,Jeremy Fontenot Evidence-first IT portfolio Menu Home Projects Proof Dashboard Resume Contact,evidence-library/../index.html; evidence-library/../index.html; evidence-library/../projects.html; evidence-library/../proof.html; evidence-library/../dashboard.html; evidence-library/../resume.html; evidence-library/../contact.html,artifacts/target-local-collection/Linux01/linux01-sssd-diagnostic-20260626-094322.json,"Validated claim does not currently resolve to public PRIMARY, PROCEDURE, or adequate VISUAL evidence.",Unsupported until link resolves,Fix or remove broken evidence link; then retest link resolution. Run sensitive-data review before any publication.
SITE-CLAIM-0376,evidence-library/index.html,"This index routes reviewers to the active evidence set behind the public site: Microsoft Graph exports, Microsoft 365 admin center screenshots, Exchange admin center evidence, Conditional Access records, sign-in and audit logs, proof inventory, and hash records.",evidence-library/../proof.html; evidence-library/projects/microsoft-365-lab/evidence/entra-exports-20260605-073748/README.md,evidence-library/projects/microsoft-365-lab/entra-activity-proof-20260605-043730/sign-ins-recent.json,"Validated claim does not currently resolve to public PRIMARY, PROCEDURE, or adequate VISUAL evidence.",Unsupported until link resolves,Fix or remove broken evidence link; then retest link resolution. Run sensitive-data review before any publication.
SITE-CLAIM-0377,evidence-library/index.html,Open Proof Index Open Export README,evidence-library/../proof.html; evidence-library/projects/microsoft-365-lab/evidence/entra-exports-20260605-073748/README.md,artifacts/target-local-collection/Linux01/linux01-sssd-diagnostic-20260626-094322.json,"Validated claim does not currently resolve to public PRIMARY, PROCEDURE, or adequate VISUAL evidence.",Unsupported until link resolves,Fix or remove broken evidence link; then retest link resolution. Run sensitive-data review before any publication.
SITE-CLAIM-0378,evidence-library/index.html,Active proof controls Open the current Microsoft 365 / Entra evidence controls.,evidence-library/../proof.html; evidence-library/../proof.html; evidence-library/projects/microsoft-365-lab/evidence/entra-exports-20260605-073748/README.md; evidence-library/projects/microsoft-365-lab/m365-entra-site-proof-map-20260605.md; evidence-library/projects/microsoft-365-lab/m365-entra-live-proof-summary-20260605.md,evidence-library/projects/microsoft-365-lab/entra-activity-proof-20260605-043730/sign-ins-recent.csv,"Validated claim does not currently resolve to public PRIMARY, PROCEDURE, or adequate VISUAL evidence.",Unsupported until link resolves,Fix or remove broken evidence link; then retest link resolution. Run sensitive-data review before any publication.
SITE-CLAIM-0382,evidence-library/index.html,HASH Proof hashes SHA-256 hash records for integrity review. hash available Open file,evidence-library/projects/microsoft-365-lab/m365-entra-proof-hashes-20260605.csv,artifacts/target-local-collection/Linux01/linux01-sssd-diagnostic-20260626-094322.json,"Validated claim does not currently resolve to public PRIMARY, PROCEDURE, or adequate VISUAL evidence.",Documented,Add a direct PRIMARY/PROCEDURE/VISUAL evidence link or downgrade the claim/link label. Run sensitive-data review before any publication.
SITE-CLAIM-0383,evidence-library/index.html,This evidence library landing page points to the active Microsoft 365 / Entra proof surface only.,evidence-library/../projects.html; evidence-library/../proof.html; evidence-library/../dashboard.html; evidence-library/../resume.html; evidence-library/../contact.html,evidence-library/projects/microsoft-365-lab/entra-activity-proof-20260605-043730/sign-ins-recent.csv,"Validated claim does not currently resolve to public PRIMARY, PROCEDURE, or adequate VISUAL evidence.",Unsupported until link resolves,Fix or remove broken evidence link; then retest link resolution. Run sensitive-data review before any publication.
SITE-CLAIM-0384,evidence-library/index.html,Projects Proof Dashboard Resume Contact,evidence-library/../projects.html; evidence-library/../proof.html; evidence-library/../dashboard.html; evidence-library/../resume.html; evidence-library/../contact.html,artifacts/target-local-collection/Linux01/linux01-sssd-diagnostic-20260626-094322.json,"Validated claim does not currently resolve to public PRIMARY, PROCEDURE, or adequate VISUAL evidence.",Unsupported until link resolves,Fix or remove broken evidence link; then retest link resolution. Run sensitive-data review before any publication.
SITE-CLAIM-0387,evidence-library/preserved-sharepoint/index.html,Home Dashboard Projects Proof Resume Contact,evidence-library/preserved-sharepoint/../../index.html; evidence-library/preserved-sharepoint/../../dashboard.html; evidence-library/preserved-sharepoint/../../projects.html; evidence-library/preserved-sharepoint/../../proof.html; evidence-library/preserved-sharepoint/../../resume.html; evidence-library/preserved-sharepoint/../../contact.html,artifacts/target-local-collection/Linux01/linux01-sssd-diagnostic-20260626-094322.json,"Validated claim does not currently resolve to public PRIMARY, PROCEDURE, or adequate VISUAL evidence.",Unsupported until link resolves,Fix or remove broken evidence link; then retest link resolution. Run sensitive-data review before any publication.
SITE-CLAIM-0408,evidence-library/preserved-sharepoint/index.html,Proof: repository-local artifacts,,artifacts/target-local-collection/Linux01/linux01-sssd-diagnostic-20260626-094322.json,"Validated claim does not currently resolve to public PRIMARY, PROCEDURE, or adequate VISUAL evidence.",Documented pending public-safe direct evidence,"Copy a sanitized public-safe direct evidence excerpt with provenance and hash, or downgrade/remove the claim. Run sensitive-data review before any publication."
SITE-CLAIM-0410,evidence-library/preserved-sharepoint/index.html,Reviewer journey Dashboard Projects Proof Resume Contact,evidence-library/preserved-sharepoint/../../dashboard.html; evidence-library/preserved-sharepoint/../../projects.html; evidence-library/preserved-sharepoint/../../proof.html; evidence-library/preserved-sharepoint/../../resume.html; evidence-library/preserved-sharepoint/../../contact.html,artifacts/target-local-collection/Linux01/linux01-sssd-diagnostic-20260626-094322.json,"Validated claim does not currently resolve to public PRIMARY, PROCEDURE, or adequate VISUAL evidence.",Unsupported until link resolves,Fix or remove broken evidence link; then retest link resolution. Run sensitive-data review before any publication.
SITE-CLAIM-0416,evidence-library/preserved-sharepoint/source/docs/business/sharepoint/Architecture/Architecture-20260511161108-0d88cb53.html,"Get-MgOrganization | Select-Object DisplayName,VerifiedDomains,OnPremisesSyncEnabled",,artifacts/target-local-collection/Linux01/linux01-sssd-diagnostic-20260626-094322.json,"Validated claim does not currently resolve to public PRIMARY, PROCEDURE, or adequate VISUAL evidence.",Documented pending public-safe direct evidence,"Copy a sanitized public-safe direct evidence excerpt with provenance and hash, or downgrade/remove the claim. Run sensitive-data review before any publication."
SITE-CLAIM-0423,evidence-library/preserved-sharepoint/source/docs/business/sharepoint/Architecture/Architecture-90082f35.html,"Get-MgOrganization | Select-Object DisplayName,VerifiedDomains,OnPremisesSyncEnabled",,artifacts/target-local-collection/Linux01/linux01-sssd-diagnostic-20260626-094322.json,"Validated claim does not currently resolve to public PRIMARY, PROCEDURE, or adequate VISUAL evidence.",Documented pending public-safe direct evidence,"Copy a sanitized public-safe direct evidence excerpt with provenance and hash, or downgrade/remove the claim. Run sensitive-data review before any publication."
SITE-CLAIM-0447,evidence-library/preserved-sharepoint/source/docs/business/sharepoint/Architecture/architecture-and-topology-76e91ed4.html,Repeatability: infrastructure changes are documented and validated.,,evidence-library/projects/on-prem-home-lab/validated-2026-06-26/operations-validation-summary.json,"Validated claim does not currently resolve to public PRIMARY, PROCEDURE, or adequate VISUAL evidence.",Documented pending public-safe direct evidence,"Copy a sanitized public-safe direct evidence excerpt with provenance and hash, or downgrade/remove the claim. Run sensitive-data review before any publication."
SITE-CLAIM-0901,evidence-library/preserved-sharepoint/source/docs/business/sharepoint/Artifacts/Identity-and-Security-20260511161111-d0563c7c.html,All configuration is automated with PowerShell and validated through real access testing.,,evidence-library/projects/on-prem-home-lab/validated-2026-06-26/operations-validation-summary.json,"Validated claim does not currently resolve to public PRIMARY, PROCEDURE, or adequate VISUAL evidence.",Documented pending public-safe direct evidence,"Copy a sanitized public-safe direct evidence excerpt with provenance and hash, or downgrade/remove the claim. Run sensitive-data review before any publication."
SITE-CLAIM-0903,evidence-library/preserved-sharepoint/source/docs/business/sharepoint/Artifacts/Identity-and-Security-20260511161111-d0563c7c.html,All configuration is automated with PowerShell and validated through real access testing.,,evidence-library/projects/on-prem-home-lab/validated-2026-06-26/operations-validation-summary.json,"Validated claim does not currently resolve to public PRIMARY, PROCEDURE, or adequate VISUAL evidence.",Documented pending public-safe direct evidence,"Copy a sanitized public-safe direct evidence excerpt with provenance and hash, or downgrade/remove the claim. Run sensitive-data review before any publication."
SITE-CLAIM-0907,evidence-library/preserved-sharepoint/source/docs/business/sharepoint/Artifacts/Identity-and-Security-463e535f.html,All configuration is automated with PowerShell and validated through real access testing.,,evidence-library/projects/on-prem-home-lab/validated-2026-06-26/operations-validation-summary.json,"Validated claim does not currently resolve to public PRIMARY, PROCEDURE, or adequate VISUAL evidence.",Documented pending public-safe direct evidence,"Copy a sanitized public-safe direct evidence excerpt with provenance and hash, or downgrade/remove the claim. Run sensitive-data review before any publication."
SITE-CLAIM-0909,evidence-library/preserved-sharepoint/source/docs/business/sharepoint/Artifacts/Identity-and-Security-463e535f.html,All configuration is automated with PowerShell and validated through real access testing.,,evidence-library/projects/on-prem-home-lab/validated-2026-06-26/operations-validation-summary.json,"Validated claim does not currently resolve to public PRIMARY, PROCEDURE, or adequate VISUAL evidence.",Documented pending public-safe direct evidence,"Copy a sanitized public-safe direct evidence excerpt with provenance and hash, or downgrade/remove the claim. Run sensitive-data review before any publication."
SITE-CLAIM-4339,evidence/public/index.html,Home Projects Proof Dashboard Resume Contact,evidence/public/../../index.html; evidence/public/../../projects.html; evidence/public/../../proof.html; evidence/public/../../dashboard.html; evidence/public/../../resume.html; evidence/public/../../contact.html,artifacts/target-local-collection/Linux01/linux01-sssd-diagnostic-20260626-094322.json,"Validated claim does not currently resolve to public PRIMARY, PROCEDURE, or adequate VISUAL evidence.",Unsupported until link resolves,Fix or remove broken evidence link; then retest link resolution. Run sensitive-data review before any publication.
SITE-CLAIM-4340,evidence/public/index.html,Public Evidence Compatibility route for preserved public proof files.,evidence/public/../../proof.html; evidence/public/../../evidence-library/index.html,artifacts/target-local-collection/Linux01/linux01-sssd-diagnostic-20260626-094322.json,"Validated claim does not currently resolve to public PRIMARY, PROCEDURE, or adequate VISUAL evidence.",Unsupported until link resolves,Fix or remove broken evidence link; then retest link resolution. Run sensitive-data review before any publication.
SITE-CLAIM-4341,evidence/public/index.html,This page keeps existing public evidence paths discoverable while the main proof library provides the current reviewer path.,evidence/public/../../proof.html; evidence/public/../../evidence-library/index.html,artifacts/target-local-collection/Linux01/linux01-sssd-diagnostic-20260626-094322.json,"Validated claim does not currently resolve to public PRIMARY, PROCEDURE, or adequate VISUAL evidence.",Unsupported until link resolves,Fix or remove broken evidence link; then retest link resolution. Run sensitive-data review before any publication.
SITE-CLAIM-4342,evidence/public/index.html,Open Proof Library Evidence Library Preserved Paths Legacy public evidence files remain available for link stability and source review.,evidence/public/../../proof.html; evidence/public/../../evidence-library/index.html,artifacts/target-local-collection/Linux01/linux01-sssd-diagnostic-20260626-094322.json,"Validated claim does not currently resolve to public PRIMARY, PROCEDURE, or adequate VISUAL evidence.",Unsupported until link resolves,Fix or remove broken evidence link; then retest link resolution. Run sensitive-data review before any publication.
SITE-CLAIM-4350,home-lab-operations-proof.html,Home Projects Home Lab Proof Dashboard Resume Contact,.; projects.html; on-prem-home-lab.html; proof.html; dashboard.html; resume.html; contact.html,evidence/home-lab-backup-restore-validation-20260629.txt,"Validated claim does not currently resolve to public PRIMARY, PROCEDURE, or adequate VISUAL evidence.",Unsupported until link resolves,Fix or remove broken evidence link; then retest link resolution.
SITE-CLAIM-4388,index.html,Home Projects Home Lab Proof Dashboard Resume Contact,.; projects.html; on-prem-home-lab.html; proof.html; dashboard.html; resume.html; contact.html,evidence/home-lab-backup-restore-validation-20260629.txt,"Validated claim does not currently resolve to public PRIMARY, PROCEDURE, or adequate VISUAL evidence.",Unsupported until link resolves,Fix or remove broken evidence link; then retest link resolution.
SITE-CLAIM-4390,index.html,Home Lab Projects Proof Resume Contact,on-prem-home-lab.html; projects.html; proof.html; resume.html; contact.html,evidence/home-lab-backup-restore-validation-20260629.txt,"Validated claim does not currently resolve to public PRIMARY, PROCEDURE, or adequate VISUAL evidence.",Documented,Add a direct PRIMARY/PROCEDURE/VISUAL evidence link or downgrade the claim/link label.
SITE-CLAIM-4392,index.html,supported lab state portfolio proof,proof.html; proof.html; proof.html; proof.html; proof.html,artifacts/target-local-collection/Linux01/linux01-sssd-diagnostic-20260626-094322.json,"Validated claim does not currently resolve to public PRIMARY, PROCEDURE, or adequate VISUAL evidence.",Documented,Add a direct PRIMARY/PROCEDURE/VISUAL evidence link or downgrade the claim/link label. Run sensitive-data review before any publication.
SITE-CLAIM-4396,index.html,SYS Systems Administration Direction Personal lab work demonstrates configured and validated infrastructure without overstating employment scope.,proof.html; proof.html; proof.html; proof.html; proof.html,evidence-library/projects/on-prem-home-lab/validated-2026-06-26/operations-validation-summary.json,"Validated claim does not currently resolve to public PRIMARY, PROCEDURE, or adequate VISUAL evidence.",Documented,Add a direct PRIMARY/PROCEDURE/VISUAL evidence link or downgrade the claim/link label. Run sensitive-data review before any publication.
SITE-CLAIM-4397,index.html,"M365 Microsoft 365 and Entra Personal tenant exports, admin-center screenshots, and proof inventories support cloud administration review.",proof.html; proof.html; proof.html; proof.html; proof.html,evidence-library/projects/microsoft-365-lab/entra-activity-proof-20260605-043730/sign-ins-recent.csv,"Validated claim does not currently resolve to public PRIMARY, PROCEDURE, or adequate VISUAL evidence.",Documented,Add a direct PRIMARY/PROCEDURE/VISUAL evidence link or downgrade the claim/link label. Run sensitive-data review before any publication.
SITE-CLAIM-4399,index.html,"Selected Evidence-Backed Projects Five projects, each tied to reviewer-ready proof.",proof.html; proof.html; proof.html; proof.html; proof.html,artifacts/target-local-collection/Linux01/linux01-sssd-diagnostic-20260626-094322.json,"Validated claim does not currently resolve to public PRIMARY, PROCEDURE, or adequate VISUAL evidence.",Documented,Add a direct PRIMARY/PROCEDURE/VISUAL evidence link or downgrade the claim/link label. Run sensitive-data review before any publication.
SITE-CLAIM-4401,index.html,Proof comes from artifacts.,proof.html; proof.html; proof.html; proof.html; proof.html,artifacts/target-local-collection/Linux01/linux01-sssd-diagnostic-20260626-094322.json,"Validated claim does not currently resolve to public PRIMARY, PROCEDURE, or adequate VISUAL evidence.",Documented,Add a direct PRIMARY/PROCEDURE/VISUAL evidence link or downgrade the claim/link label. Run sensitive-data review before any publication.
SITE-CLAIM-4403,index.html,"Historical timestamps remain in raw evidence where they matter, but public labels use stable proof classifications.",proof.html; proof.html; proof.html; proof.html; proof.html,artifacts/target-local-collection/Linux01/linux01-sssd-diagnostic-20260626-094322.json,"Validated claim does not currently resolve to public PRIMARY, PROCEDURE, or adequate VISUAL evidence.",Documented,Add a direct PRIMARY/PROCEDURE/VISUAL evidence link or downgrade the claim/link label. Run sensitive-data review before any publication.
SITE-CLAIM-4405,index.html,Home Projects Home Lab Proof Dashboard Resume Contact,.; projects.html; on-prem-home-lab.html; proof.html; dashboard.html; resume.html; contact.html,evidence/home-lab-backup-restore-validation-20260629.txt,"Validated claim does not currently resolve to public PRIMARY, PROCEDURE, or adequate VISUAL evidence.",Unsupported until link resolves,Fix or remove broken evidence link; then retest link resolution.
SITE-CLAIM-4411,infrastructure.html,This legacy route has been retired. The active portfolio now focuses on verified Microsoft 365 and Entra evidence.,,evidence-library/projects/microsoft-365-lab/entra-activity-proof-20260605-043730/sign-ins-recent.csv,"Validated claim does not currently resolve to public PRIMARY, PROCEDURE, or adequate VISUAL evidence.",Documented pending public-safe direct evidence,"Copy a sanitized public-safe direct evidence excerpt with provenance and hash, or downgrade/remove the claim. Run sensitive-data review before any publication."
SITE-CLAIM-4415,infrastructure.html,This legacy page is no longer part of the active public proof surface.,projects.html,artifacts/target-local-collection/Linux01/linux01-sssd-diagnostic-20260626-094322.json,"Validated claim does not currently resolve to public PRIMARY, PROCEDURE, or adequate VISUAL evidence.",Documented,Add a direct PRIMARY/PROCEDURE/VISUAL evidence link or downgrade the claim/link label. Run sensitive-data review before any publication.
SITE-CLAIM-4423,network-segmentation.html,This legacy route has been retired. The active portfolio now focuses on verified Microsoft 365 and Entra evidence.,,evidence-library/projects/microsoft-365-lab/entra-activity-proof-20260605-043730/sign-ins-recent.csv,"Validated claim does not currently resolve to public PRIMARY, PROCEDURE, or adequate VISUAL evidence.",Documented pending public-safe direct evidence,"Copy a sanitized public-safe direct evidence excerpt with provenance and hash, or downgrade/remove the claim. Run sensitive-data review before any publication."
SITE-CLAIM-4427,network-segmentation.html,This legacy page is no longer part of the active public proof surface.,projects.html,artifacts/target-local-collection/Linux01/linux01-sssd-diagnostic-20260626-094322.json,"Validated claim does not currently resolve to public PRIMARY, PROCEDURE, or adequate VISUAL evidence.",Documented,Add a direct PRIMARY/PROCEDURE/VISUAL evidence link or downgrade the claim/link label. Run sensitive-data review before any publication.
SITE-CLAIM-4434,on-prem-home-lab.html,Home Projects Home Lab Proof Dashboard Resume Contact,.; projects.html; on-prem-home-lab.html; proof.html; dashboard.html; resume.html; contact.html,evidence/home-lab-backup-restore-validation-20260629.txt,"Validated claim does not currently resolve to public PRIMARY, PROCEDURE, or adequate VISUAL evidence.",Unsupported until link resolves,Fix or remove broken evidence link; then retest link resolution.
SITE-CLAIM-4437,on-prem-home-lab.html,Download the Professional Home Lab Documentation (.docx) Review Proof Open Manifest,assets/documents/Jeremy-Fontenot-On-Premises-Home-Lab-Documentation.docx; proof.html; evidence-library/projects/on-prem-home-lab/current-validated-state/manifest.json,evidence/home-lab-backup-restore-validation-20260629.txt,"Validated claim does not currently resolve to public PRIMARY, PROCEDURE, or adequate VISUAL evidence.",Documented,Add a direct PRIMARY/PROCEDURE/VISUAL evidence link or downgrade the claim/link label.
SITE-CLAIM-4471,on-prem-home-lab.html,README Current validated state Public-safe evidence summary and boundaries.,evidence-library/projects/on-prem-home-lab/current-validated-state/README.md; evidence-library/projects/on-prem-home-lab/current-validated-state/manifest.json; evidence-library/projects/on-prem-home-lab/current-validated-state/claim-map.csv; assets/documents/Jeremy-Fontenot-On-Premises-Home-Lab-Documentation.docx,evidence-library/projects/on-prem-home-lab/validated-2026-06-26/operations-validation-summary.json,"Validated claim does not currently resolve to public PRIMARY, PROCEDURE, or adequate VISUAL evidence.",Documented,Add a direct PRIMARY/PROCEDURE/VISUAL evidence link or downgrade the claim/link label. Run sensitive-data review before any publication.
SITE-CLAIM-4474,on-prem-home-lab.html,Home Projects Home Lab Proof Dashboard Resume Contact,.; projects.html; on-prem-home-lab.html; proof.html; dashboard.html; resume.html; contact.html,evidence/home-lab-backup-restore-validation-20260629.txt,"Validated claim does not currently resolve to public PRIMARY, PROCEDURE, or adequate VISUAL evidence.",Unsupported until link resolves,Fix or remove broken evidence link; then retest link resolution.
SITE-CLAIM-4480,powershell-automation.html,This legacy route has been retired. The active portfolio now focuses on verified Microsoft 365 and Entra evidence.,,evidence-library/projects/microsoft-365-lab/entra-activity-proof-20260605-043730/sign-ins-recent.csv,"Validated claim does not currently resolve to public PRIMARY, PROCEDURE, or adequate VISUAL evidence.",Documented pending public-safe direct evidence,"Copy a sanitized public-safe direct evidence excerpt with provenance and hash, or downgrade/remove the claim. Run sensitive-data review before any publication."
SITE-CLAIM-4484,powershell-automation.html,This legacy page is no longer part of the active public proof surface.,projects.html,artifacts/target-local-collection/Linux01/linux01-sssd-diagnostic-20260626-094322.json,"Validated claim does not currently resolve to public PRIMARY, PROCEDURE, or adequate VISUAL evidence.",Documented,Add a direct PRIMARY/PROCEDURE/VISUAL evidence link or downgrade the claim/link label. Run sensitive-data review before any publication.
SITE-CLAIM-4488,projects.html,Home Projects Home Lab Proof Dashboard Resume Contact,.; projects.html; on-prem-home-lab.html; proof.html; dashboard.html; resume.html; contact.html,evidence/home-lab-backup-restore-validation-20260629.txt,"Validated claim does not currently resolve to public PRIMARY, PROCEDURE, or adequate VISUAL evidence.",Unsupported until link resolves,Fix or remove broken evidence link; then retest link resolution.
SITE-CLAIM-4499,projects.html,Home Projects Home Lab Proof Dashboard Resume Contact,.; projects.html; on-prem-home-lab.html; proof.html; dashboard.html; resume.html; contact.html,evidence/home-lab-backup-restore-validation-20260629.txt,"Validated claim does not currently resolve to public PRIMARY, PROCEDURE, or adequate VISUAL evidence.",Unsupported until link resolves,Fix or remove broken evidence link; then retest link resolution.
SITE-CLAIM-4512,proof.html,Home Projects Home Lab Proof Dashboard Resume Contact,.; projects.html; on-prem-home-lab.html; proof.html; dashboard.html; resume.html; contact.html,evidence/home-lab-backup-restore-validation-20260629.txt,"Validated claim does not currently resolve to public PRIMARY, PROCEDURE, or adequate VISUAL evidence.",Unsupported until link resolves,Fix or remove broken evidence link; then retest link resolution.
SITE-CLAIM-4538,proof.html,Home Projects Home Lab Proof Dashboard Resume Contact,.; projects.html; on-prem-home-lab.html; proof.html; dashboard.html; resume.html; contact.html,evidence/home-lab-backup-restore-validation-20260629.txt,"Validated claim does not currently resolve to public PRIMARY, PROCEDURE, or adequate VISUAL evidence.",Unsupported until link resolves,Fix or remove broken evidence link; then retest link resolution.
SITE-CLAIM-4544,resume.html,Home Projects Home Lab Proof Dashboard Resume Contact,.; projects.html; on-prem-home-lab.html; proof.html; dashboard.html; resume.html; contact.html,evidence/home-lab-backup-restore-validation-20260629.txt,"Validated claim does not currently resolve to public PRIMARY, PROCEDURE, or adequate VISUAL evidence.",Unsupported until link resolves,Fix or remove broken evidence link; then retest link resolution.
SITE-CLAIM-4553,resume.html,Home Projects Home Lab Proof Dashboard Resume Contact,.; projects.html; on-prem-home-lab.html; proof.html; dashboard.html; resume.html; contact.html,evidence/home-lab-backup-restore-validation-20260629.txt,"Validated claim does not currently resolve to public PRIMARY, PROCEDURE, or adequate VISUAL evidence.",Unsupported until link resolves,Fix or remove broken evidence link; then retest link resolution.
SITE-CLAIM-4559,service-desk-rca.html,This legacy route has been retired. The active portfolio now focuses on verified Microsoft 365 and Entra evidence.,,evidence-library/projects/microsoft-365-lab/entra-activity-proof-20260605-043730/sign-ins-recent.csv,"Validated claim does not currently resolve to public PRIMARY, PROCEDURE, or adequate VISUAL evidence.",Documented pending public-safe direct evidence,"Copy a sanitized public-safe direct evidence excerpt with provenance and hash, or downgrade/remove the claim. Run sensitive-data review before any publication."
SITE-CLAIM-4563,service-desk-rca.html,This legacy page is no longer part of the active public proof surface.,projects.html,artifacts/target-local-collection/Linux01/linux01-sssd-diagnostic-20260626-094322.json,"Validated claim does not currently resolve to public PRIMARY, PROCEDURE, or adequate VISUAL evidence.",Documented,Add a direct PRIMARY/PROCEDURE/VISUAL evidence link or downgrade the claim/link label. Run sensitive-data review before any publication.
SITE-CLAIM-4566,v2/contact.html,Home Dashboard Projects Proof Resume Contact,v2/index.html; v2/dashboard.html; v2/projects.html; v2/proof.html; v2/resume.html; v2/contact.html,artifacts/target-local-collection/Linux01/linux01-sssd-diagnostic-20260626-094322.json,"Validated claim does not currently resolve to public PRIMARY, PROCEDURE, or adequate VISUAL evidence.",Documented,Add a direct PRIMARY/PROCEDURE/VISUAL evidence link or downgrade the claim/link label. Run sensitive-data review before any publication.
SITE-CLAIM-4567,v2/contact.html,The fastest review path is Dashboard → Projects → Proof → Resume → Contact.,v2/../assets/resume/jeremy-fontenot-resume.pdf; v2/proof.html; v2/../evidence-library/index.html,artifacts/target-local-collection/Linux01/linux01-sssd-diagnostic-20260626-094322.json,"Validated claim does not currently resolve to public PRIMARY, PROCEDURE, or adequate VISUAL evidence.",Unsupported until link resolves,Fix or remove broken evidence link; then retest link resolution. Run sensitive-data review before any publication.
SITE-CLAIM-4568,v2/contact.html,"Email Jeremy Download Resume Professional channels LinkedIn Profile GitHub Projects Proof Library Evidence Library Hiring fit Clear, grounded, technically verifiable.",v2/../assets/resume/jeremy-fontenot-resume.pdf; v2/proof.html; v2/../evidence-library/index.html,artifacts/target-local-collection/Linux01/linux01-sssd-diagnostic-20260626-094322.json,"Validated claim does not currently resolve to public PRIMARY, PROCEDURE, or adequate VISUAL evidence.",Unsupported until link resolves,Fix or remove broken evidence link; then retest link resolution. Run sensitive-data review before any publication.
SITE-CLAIM-4573,v2/contact.html,Proof: repository-local artifacts,,artifacts/target-local-collection/Linux01/linux01-sssd-diagnostic-20260626-094322.json,"Validated claim does not currently resolve to public PRIMARY, PROCEDURE, or adequate VISUAL evidence.",Documented pending public-safe direct evidence,"Copy a sanitized public-safe direct evidence excerpt with provenance and hash, or downgrade/remove the claim. Run sensitive-data review before any publication."
SITE-CLAIM-4575,v2/contact.html,Reviewer journey Dashboard Projects Proof Resume Contact,v2/dashboard.html; v2/projects.html; v2/proof.html; v2/resume.html; v2/contact.html,artifacts/target-local-collection/Linux01/linux01-sssd-diagnostic-20260626-094322.json,"Validated claim does not currently resolve to public PRIMARY, PROCEDURE, or adequate VISUAL evidence.",Documented,Add a direct PRIMARY/PROCEDURE/VISUAL evidence link or downgrade the claim/link label. Run sensitive-data review before any publication.
SITE-CLAIM-4577,v2/dashboard.html,"Portfolio dashboard summarizing active experience, historical lab evidence, proof validation, SharePoint exports, and reviewer journey.",,evidence/home-lab-backup-restore-validation-20260629.txt,"Validated claim does not currently resolve to public PRIMARY, PROCEDURE, or adequate VISUAL evidence.",Documented pending public-safe direct evidence,"Copy a sanitized public-safe direct evidence excerpt with provenance and hash, or downgrade/remove the claim."
SITE-CLAIM-4578,v2/dashboard.html,"Portfolio dashboard summarizing active experience, historical lab evidence, proof validation, SharePoint exports, and reviewer journey.",,evidence/home-lab-backup-restore-validation-20260629.txt,"Validated claim does not currently resolve to public PRIMARY, PROCEDURE, or adequate VISUAL evidence.",Documented pending public-safe direct evidence,"Copy a sanitized public-safe direct evidence excerpt with provenance and hash, or downgrade/remove the claim."
SITE-CLAIM-4579,v2/dashboard.html,Home Dashboard Projects Proof Resume Contact,v2/index.html; v2/dashboard.html; v2/projects.html; v2/proof.html; v2/resume.html; v2/contact.html,artifacts/target-local-collection/Linux01/linux01-sssd-diagnostic-20260626-094322.json,"Validated claim does not currently resolve to public PRIMARY, PROCEDURE, or adequate VISUAL evidence.",Documented,Add a direct PRIMARY/PROCEDURE/VISUAL evidence link or downgrade the claim/link label. Run sensitive-data review before any publication.
SITE-CLAIM-4580,v2/dashboard.html,It does not display live tenant or home-lab telemetry; it summarizes validated repository evidence and recruiter-facing review paths.,v2/projects.html; v2/proof.html,evidence-library/projects/on-prem-home-lab/validated-2026-06-26/operations-validation-summary.json,"Validated claim does not currently resolve to public PRIMARY, PROCEDURE, or adequate VISUAL evidence.",Documented,Add a direct PRIMARY/PROCEDURE/VISUAL evidence link or downgrade the claim/link label. Run sensitive-data review before any publication.
SITE-CLAIM-4581,v2/dashboard.html,"Continue to Projects Audit Proof Active Professional Experience Service desk and support operations Historical Microsoft 365 Lab Tenant canceled, exports preserved Historical Home Lab ad.jeremyfontenot.online dismantled Proof Governance Claims linked to read artifacts",v2/projects.html; v2/proof.html,artifacts/site-audit/lighthouse/proof-desktop.json,"Validated claim does not currently resolve to public PRIMARY, PROCEDURE, or adequate VISUAL evidence.",Documented,Add a direct PRIMARY/PROCEDURE/VISUAL evidence link or downgrade the claim/link label. Run sensitive-data review before any publication.
SITE-CLAIM-4587,v2/dashboard.html,Validated claim stream Representative claims and source evidence.,,evidence-library/projects/on-prem-home-lab/validated-2026-06-26/operations-validation-summary.json,"Validated claim does not currently resolve to public PRIMARY, PROCEDURE, or adequate VISUAL evidence.",Documented pending public-safe direct evidence,"Copy a sanitized public-safe direct evidence excerpt with provenance and hash, or downgrade/remove the claim. Run sensitive-data review before any publication."
SITE-CLAIM-4595,v2/dashboard.html,"Network infrastructure validation report Network validation evidence covers pfSense, Proxmox, VLANs, DHCP relay, DNS checks, and Windows Server lab services. # Network Infrastructure Validation Report (2026) ## Purpose Document the validated network infrastructure design used in the portfolio lab, including switch port mapping, VLAN segmentation, DHCP relay behavior, and DNS resolution testing. ## Environment * Firewall/router: pfSense * Virtualization host: Proxmox *...",,evidence-library/projects/on-prem-home-lab/validated-2026-06-26/operations-validation-summary.json,"Validated claim does not currently resolve to public PRIMARY, PROCEDURE, or adequate VISUAL evidence.",Documented pending public-safe direct evidence,"Copy a sanitized public-safe direct evidence excerpt with provenance and hash, or downgrade/remove the claim. Run sensitive-data review before any publication."
SITE-CLAIM-4598,v2/dashboard.html,Proof: repository-local artifacts,,artifacts/target-local-collection/Linux01/linux01-sssd-diagnostic-20260626-094322.json,"Validated claim does not currently resolve to public PRIMARY, PROCEDURE, or adequate VISUAL evidence.",Documented pending public-safe direct evidence,"Copy a sanitized public-safe direct evidence excerpt with provenance and hash, or downgrade/remove the claim. Run sensitive-data review before any publication."
SITE-CLAIM-4600,v2/dashboard.html,Reviewer journey Dashboard Projects Proof Resume Contact,v2/dashboard.html; v2/projects.html; v2/proof.html; v2/resume.html; v2/contact.html,artifacts/target-local-collection/Linux01/linux01-sssd-diagnostic-20260626-094322.json,"Validated claim does not currently resolve to public PRIMARY, PROCEDURE, or adequate VISUAL evidence.",Documented,Add a direct PRIMARY/PROCEDURE/VISUAL evidence link or downgrade the claim/link label. Run sensitive-data review before any publication.
SITE-CLAIM-4604,v2/index.html,Home Dashboard Projects Proof Resume Contact,v2/index.html; v2/dashboard.html; v2/projects.html; v2/proof.html; v2/resume.html; v2/contact.html,artifacts/target-local-collection/Linux01/linux01-sssd-diagnostic-20260626-094322.json,"Validated claim does not currently resolve to public PRIMARY, PROCEDURE, or adequate VISUAL evidence.",Documented,Add a direct PRIMARY/PROCEDURE/VISUAL evidence link or downgrade the claim/link label. Run sensitive-data review before any publication.
SITE-CLAIM-4606,v2/index.html,"Jeremy Fontenot documents practical IT support, Microsoft administration, infrastructure troubleshooting, PowerShell automation, and preserved lab validation with proof that can be opened and inspected.",,inventories/core-service-validation-20260626-010601.json,"Validated claim does not currently resolve to public PRIMARY, PROCEDURE, or adequate VISUAL evidence.",Documented pending public-safe direct evidence,"Copy a sanitized public-safe direct evidence excerpt with provenance and hash, or downgrade/remove the claim. Run sensitive-data review before any publication."
SITE-CLAIM-4607,v2/index.html,Start Reviewer Journey Open Proof Library Download Resume,v2/dashboard.html; v2/proof.html; v2/../assets/resume/jeremy-fontenot-resume.pdf,artifacts/target-local-collection/Linux01/linux01-sssd-diagnostic-20260626-094322.json,"Validated claim does not currently resolve to public PRIMARY, PROCEDURE, or adequate VISUAL evidence.",Unsupported until link resolves,Fix or remove broken evidence link; then retest link resolution. Run sensitive-data review before any publication.
SITE-CLAIM-4609,v2/index.html,03 Proof Validated repository artifacts and SharePoint exports,v2/proof.html,evidence-library/projects/on-prem-home-lab/validated-2026-06-26/operations-validation-summary.json,"Validated claim does not currently resolve to public PRIMARY, PROCEDURE, or adequate VISUAL evidence.",Documented,Add a direct PRIMARY/PROCEDURE/VISUAL evidence link or downgrade the claim/link label. Run sensitive-data review before any publication.
SITE-CLAIM-4613,v2/index.html,802+ SharePoint/M365 export artifacts indexed 12/15 public proof claims keyword-validated 7 public pages rebuilt from scratch 0 missing generated-page links after validation,,evidence-library/projects/on-prem-home-lab/validated-2026-06-26/operations-validation-summary.json,"Validated claim does not currently resolve to public PRIMARY, PROCEDURE, or adequate VISUAL evidence.",Documented pending public-safe direct evidence,"Copy a sanitized public-safe direct evidence excerpt with provenance and hash, or downgrade/remove the claim. Run sensitive-data review before any publication."
SITE-CLAIM-4614,v2/index.html,Each capability is paired with a relevant proof path and uses historical language when the source environment is no longer available.,v2/resume.html; v2/projects.html; v2/projects.html; v2/proof.html,artifacts/target-local-collection/Linux01/linux01-sssd-diagnostic-20260626-094322.json,"Validated claim does not currently resolve to public PRIMARY, PROCEDURE, or adequate VISUAL evidence.",Documented,Add a direct PRIMARY/PROCEDURE/VISUAL evidence link or downgrade the claim/link label. Run sensitive-data review before any publication.
SITE-CLAIM-4615,v2/index.html,"Review proof Historical Microsoft 365 lab Cloud administration documentation Preserved tenant-safe records for Conditional Access, identity, endpoint, Teams, Exchange, SharePoint, and governance learning.",v2/resume.html; v2/projects.html; v2/projects.html; v2/proof.html,evidence-library/projects/microsoft-365-lab/entra-activity-proof-20260605-043730/sign-ins-recent.json,"Validated claim does not currently resolve to public PRIMARY, PROCEDURE, or adequate VISUAL evidence.",Documented,Add a direct PRIMARY/PROCEDURE/VISUAL evidence link or downgrade the claim/link label. Run sensitive-data review before any publication.
SITE-CLAIM-4616,v2/index.html,"Review proof Historical home lab Windows infrastructure validation Preserved evidence for AD DS, DNS, DHCP, GPO, file services, PowerShell, network validation, and Windows Server administration.",v2/resume.html; v2/projects.html; v2/projects.html; v2/proof.html,evidence-library/projects/on-prem-home-lab/validated-2026-06-26/operations-validation-summary.json,"Validated claim does not currently resolve to public PRIMARY, PROCEDURE, or adequate VISUAL evidence.",Documented,Add a direct PRIMARY/PROCEDURE/VISUAL evidence link or downgrade the claim/link label. Run sensitive-data review before any publication.
SITE-CLAIM-4617,v2/index.html,Review proof Evidence governance Proof-first portfolio structure Every major claim routes to repository evidence that was read and checked for relevant content before public linking.,v2/resume.html; v2/projects.html; v2/projects.html; v2/proof.html,artifacts/target-local-collection/Linux01/linux01-sssd-diagnostic-20260626-094322.json,"Validated claim does not currently resolve to public PRIMARY, PROCEDURE, or adequate VISUAL evidence.",Documented,Add a direct PRIMARY/PROCEDURE/VISUAL evidence link or downgrade the claim/link label. Run sensitive-data review before any publication.
SITE-CLAIM-4618,v2/index.html,Review proof,v2/resume.html; v2/projects.html; v2/projects.html; v2/proof.html,artifacts/target-local-collection/Linux01/linux01-sssd-diagnostic-20260626-094322.json,"Validated claim does not currently resolve to public PRIMARY, PROCEDURE, or adequate VISUAL evidence.",Documented,Add a direct PRIMARY/PROCEDURE/VISUAL evidence link or downgrade the claim/link label. Run sensitive-data review before any publication.
SITE-CLAIM-4621,v2/index.html,Proof: repository-local artifacts,,artifacts/target-local-collection/Linux01/linux01-sssd-diagnostic-20260626-094322.json,"Validated claim does not currently resolve to public PRIMARY, PROCEDURE, or adequate VISUAL evidence.",Documented pending public-safe direct evidence,"Copy a sanitized public-safe direct evidence excerpt with provenance and hash, or downgrade/remove the claim. Run sensitive-data review before any publication."
SITE-CLAIM-4623,v2/index.html,Reviewer journey Dashboard Projects Proof Resume Contact,v2/dashboard.html; v2/projects.html; v2/proof.html; v2/resume.html; v2/contact.html,artifacts/target-local-collection/Linux01/linux01-sssd-diagnostic-20260626-094322.json,"Validated claim does not currently resolve to public PRIMARY, PROCEDURE, or adequate VISUAL evidence.",Documented,Add a direct PRIMARY/PROCEDURE/VISUAL evidence link or downgrade the claim/link label. Run sensitive-data review before any publication.
SITE-CLAIM-4627,v2/projects.html,Home Dashboard Projects Proof Resume Contact,v2/index.html; v2/dashboard.html; v2/projects.html; v2/proof.html; v2/resume.html; v2/contact.html,artifacts/target-local-collection/Linux01/linux01-sssd-diagnostic-20260626-094322.json,"Validated claim does not currently resolve to public PRIMARY, PROCEDURE, or adequate VISUAL evidence.",Documented,Add a direct PRIMARY/PROCEDURE/VISUAL evidence link or downgrade the claim/link label. Run sensitive-data review before any publication.
SITE-CLAIM-4636,v2/projects.html,Proof: repository-local artifacts,,artifacts/target-local-collection/Linux01/linux01-sssd-diagnostic-20260626-094322.json,"Validated claim does not currently resolve to public PRIMARY, PROCEDURE, or adequate VISUAL evidence.",Documented pending public-safe direct evidence,"Copy a sanitized public-safe direct evidence excerpt with provenance and hash, or downgrade/remove the claim. Run sensitive-data review before any publication."
SITE-CLAIM-4638,v2/projects.html,Reviewer journey Dashboard Projects Proof Resume Contact,v2/dashboard.html; v2/projects.html; v2/proof.html; v2/resume.html; v2/contact.html,artifacts/target-local-collection/Linux01/linux01-sssd-diagnostic-20260626-094322.json,"Validated claim does not currently resolve to public PRIMARY, PROCEDURE, or adequate VISUAL evidence.",Documented,Add a direct PRIMARY/PROCEDURE/VISUAL evidence link or downgrade the claim/link label. Run sensitive-data review before any publication.
SITE-CLAIM-4640,v2/proof-metrics-section.html,Proof Metrics Section,,artifacts/target-local-collection/Linux01/linux01-sssd-diagnostic-20260626-094322.json,"Validated claim does not currently resolve to public PRIMARY, PROCEDURE, or adequate VISUAL evidence.",Documented pending public-safe direct evidence,"Copy a sanitized public-safe direct evidence excerpt with provenance and hash, or downgrade/remove the claim. Run sensitive-data review before any publication."
SITE-CLAIM-4642,v2/proof-metrics-section.html,Proof Metrics Section,,artifacts/target-local-collection/Linux01/linux01-sssd-diagnostic-20260626-094322.json,"Validated claim does not currently resolve to public PRIMARY, PROCEDURE, or adequate VISUAL evidence.",Documented pending public-safe direct evidence,"Copy a sanitized public-safe direct evidence excerpt with provenance and hash, or downgrade/remove the claim. Run sensitive-data review before any publication."
SITE-CLAIM-4644,v2/proof-metrics-section.html,PROOF METRICS,,artifacts/target-local-collection/Linux01/linux01-sssd-diagnostic-20260626-094322.json,"Validated claim does not currently resolve to public PRIMARY, PROCEDURE, or adequate VISUAL evidence.",Documented pending public-safe direct evidence,"Copy a sanitized public-safe direct evidence excerpt with provenance and hash, or downgrade/remove the claim. Run sensitive-data review before any publication."
SITE-CLAIM-4647,v2/proof.html,Proof Library | Jeremy Fontenot,,artifacts/target-local-collection/Linux01/linux01-sssd-diagnostic-20260626-094322.json,"Validated claim does not currently resolve to public PRIMARY, PROCEDURE, or adequate VISUAL evidence.",Documented pending public-safe direct evidence,"Copy a sanitized public-safe direct evidence excerpt with provenance and hash, or downgrade/remove the claim. Run sensitive-data review before any publication."
SITE-CLAIM-4648,v2/proof.html,"Validated proof library containing read-and-verified repository artifacts, preserved SharePoint exports, historical lab records, runbooks, validation reports, scripts, diagrams, and RCA documentation.",,evidence-library/projects/on-prem-home-lab/validated-2026-06-26/operations-validation-summary.json,"Validated claim does not currently resolve to public PRIMARY, PROCEDURE, or adequate VISUAL evidence.",Documented pending public-safe direct evidence,"Copy a sanitized public-safe direct evidence excerpt with provenance and hash, or downgrade/remove the claim. Run sensitive-data review before any publication."
SITE-CLAIM-4649,v2/proof.html,Proof Library | Jeremy Fontenot,,artifacts/target-local-collection/Linux01/linux01-sssd-diagnostic-20260626-094322.json,"Validated claim does not currently resolve to public PRIMARY, PROCEDURE, or adequate VISUAL evidence.",Documented pending public-safe direct evidence,"Copy a sanitized public-safe direct evidence excerpt with provenance and hash, or downgrade/remove the claim. Run sensitive-data review before any publication."
SITE-CLAIM-4650,v2/proof.html,"Validated proof library containing read-and-verified repository artifacts, preserved SharePoint exports, historical lab records, runbooks, validation reports, scripts, diagrams, and RCA documentation.",,evidence-library/projects/on-prem-home-lab/validated-2026-06-26/operations-validation-summary.json,"Validated claim does not currently resolve to public PRIMARY, PROCEDURE, or adequate VISUAL evidence.",Documented pending public-safe direct evidence,"Copy a sanitized public-safe direct evidence excerpt with provenance and hash, or downgrade/remove the claim. Run sensitive-data review before any publication."
SITE-CLAIM-4651,v2/proof.html,https://jeremyfontenot.online/proof.html,,artifacts/target-local-collection/Linux01/linux01-sssd-diagnostic-20260626-094322.json,"Validated claim does not currently resolve to public PRIMARY, PROCEDURE, or adequate VISUAL evidence.",Documented pending public-safe direct evidence,"Copy a sanitized public-safe direct evidence excerpt with provenance and hash, or downgrade/remove the claim. Run sensitive-data review before any publication."
SITE-CLAIM-4652,v2/proof.html,Home Dashboard Projects Proof Resume Contact,v2/index.html; v2/dashboard.html; v2/projects.html; v2/proof.html; v2/resume.html; v2/contact.html,artifacts/target-local-collection/Linux01/linux01-sssd-diagnostic-20260626-094322.json,"Validated claim does not currently resolve to public PRIMARY, PROCEDURE, or adequate VISUAL evidence.",Documented,Add a direct PRIMARY/PROCEDURE/VISUAL evidence link or downgrade the claim/link label. Run sensitive-data review before any publication.
SITE-CLAIM-4664,v2/proof.html,"Network infrastructure validation report Network validation evidence covers pfSense, Proxmox, VLANs, DHCP relay, DNS checks, and Windows Server lab services. # Network Infrastructure Validation Report (2026) ## Purpose Document the validated network infrastructure design used in the portfolio lab, including switch port mapping, VLAN segmentation, DHCP relay behavior, and DNS resolution testing. ## Environment * Firewall/router: pfSense * Virtualization host: Proxmox *...",,evidence-library/projects/on-prem-home-lab/validated-2026-06-26/operations-validation-summary.json,"Validated claim does not currently resolve to public PRIMARY, PROCEDURE, or adequate VISUAL evidence.",Documented pending public-safe direct evidence,"Copy a sanitized public-safe direct evidence excerpt with provenance and hash, or downgrade/remove the claim. Run sensitive-data review before any publication."
SITE-CLAIM-4677,v2/proof.html,"Evidence source map Evidence artifacts are mapped to categories and source context for traceable review. path,originalSourcePath,title,status,proofType,relatedProject,relatedSkill,confidenceLevel,preservationStatus evidence-library/architecture-diagrams/identity-access-ad-migration-diagram-2026.svg,assets/evidence/ad-migration-diagram.svg,Identity Access AD Migration Diagram,AUTHORITATIVE,diagram,Identity and...",,artifacts/target-local-collection/Linux01/linux01-sssd-diagnostic-20260626-094322.json,"Validated claim does not currently resolve to public PRIMARY, PROCEDURE, or adequate VISUAL evidence.",Documented pending public-safe direct evidence,"Copy a sanitized public-safe direct evidence excerpt with provenance and hash, or downgrade/remove the claim. Run sensitive-data review before any publication."
SITE-CLAIM-4688,v2/proof.html,Proof: repository-local artifacts,,artifacts/target-local-collection/Linux01/linux01-sssd-diagnostic-20260626-094322.json,"Validated claim does not currently resolve to public PRIMARY, PROCEDURE, or adequate VISUAL evidence.",Documented pending public-safe direct evidence,"Copy a sanitized public-safe direct evidence excerpt with provenance and hash, or downgrade/remove the claim. Run sensitive-data review before any publication."
SITE-CLAIM-4690,v2/proof.html,Reviewer journey Dashboard Projects Proof Resume Contact,v2/dashboard.html; v2/projects.html; v2/proof.html; v2/resume.html; v2/contact.html,artifacts/target-local-collection/Linux01/linux01-sssd-diagnostic-20260626-094322.json,"Validated claim does not currently resolve to public PRIMARY, PROCEDURE, or adequate VISUAL evidence.",Documented,Add a direct PRIMARY/PROCEDURE/VISUAL evidence link or downgrade the claim/link label. Run sensitive-data review before any publication.
SITE-CLAIM-4692,v2/resume.html,"Recruiter-focused resume page for Jeremy Fontenot with service desk, Microsoft 365, Active Directory, networking, PowerShell, certification, and proof links.",,evidence-library/projects/microsoft-365-lab/entra-activity-proof-20260605-043730/sign-ins-recent.csv,"Validated claim does not currently resolve to public PRIMARY, PROCEDURE, or adequate VISUAL evidence.",Documented pending public-safe direct evidence,"Copy a sanitized public-safe direct evidence excerpt with provenance and hash, or downgrade/remove the claim. Run sensitive-data review before any publication."
SITE-CLAIM-4693,v2/resume.html,"Recruiter-focused resume page for Jeremy Fontenot with service desk, Microsoft 365, Active Directory, networking, PowerShell, certification, and proof links.",,evidence-library/projects/microsoft-365-lab/entra-activity-proof-20260605-043730/sign-ins-recent.csv,"Validated claim does not currently resolve to public PRIMARY, PROCEDURE, or adequate VISUAL evidence.",Documented pending public-safe direct evidence,"Copy a sanitized public-safe direct evidence excerpt with provenance and hash, or downgrade/remove the claim. Run sensitive-data review before any publication."
SITE-CLAIM-4694,v2/resume.html,Home Dashboard Projects Proof Resume Contact,v2/index.html; v2/dashboard.html; v2/projects.html; v2/proof.html; v2/resume.html; v2/contact.html,artifacts/target-local-collection/Linux01/linux01-sssd-diagnostic-20260626-094322.json,"Validated claim does not currently resolve to public PRIMARY, PROCEDURE, or adequate VISUAL evidence.",Documented,Add a direct PRIMARY/PROCEDURE/VISUAL evidence link or downgrade the claim/link label. Run sensitive-data review before any publication.
SITE-CLAIM-4699,v2/resume.html,Resume proof map Claims connected to source artifacts.,v2/../assets/resume/jeremy-fontenot-resume.pdf; v2/projects.html; v2/proof.html,artifacts/target-local-collection/Linux01/linux01-sssd-diagnostic-20260626-094322.json,"Validated claim does not currently resolve to public PRIMARY, PROCEDURE, or adequate VISUAL evidence.",Unsupported until link resolves,Fix or remove broken evidence link; then retest link resolution. Run sensitive-data review before any publication.
SITE-CLAIM-4707,v2/resume.html,Proof: repository-local artifacts,,artifacts/target-local-collection/Linux01/linux01-sssd-diagnostic-20260626-094322.json,"Validated claim does not currently resolve to public PRIMARY, PROCEDURE, or adequate VISUAL evidence.",Documented pending public-safe direct evidence,"Copy a sanitized public-safe direct evidence excerpt with provenance and hash, or downgrade/remove the claim. Run sensitive-data review before any publication."
SITE-CLAIM-4709,v2/resume.html,Reviewer journey Dashboard Projects Proof Resume Contact,v2/dashboard.html; v2/projects.html; v2/proof.html; v2/resume.html; v2/contact.html,artifacts/target-local-collection/Linux01/linux01-sssd-diagnostic-20260626-094322.json,"Validated claim does not currently resolve to public PRIMARY, PROCEDURE, or adequate VISUAL evidence.",Documented,Add a direct PRIMARY/PROCEDURE/VISUAL evidence link or downgrade the claim/link label. Run sensitive-data review before any publication.
