claim_id,canonical_claim,locations,current_classification,current_links,current_link_types,direct_evidence_found,direct_evidence_repository,direct_evidence_path,direct_evidence_type,supporting_evidence_path,provenance_path,public_safety,sanitization_notes,recommended_classification,limitation,remediation_action,status
ACT-CLAIM-001,The personal home lab uses Proxmox VE 9.2.3 as the hypervisor.,index.html:home-lab card; projects.html:home-lab project; on-prem-home-lab.html:topology; home-lab-operations-proof.html:inventory table; proof.html:home lab proof,Current; Validated,proof.html#home-lab-proof; evidence-library/projects/on-prem-home-lab/current-validated-state/source-summaries/home-lab-source-of-truth.md,proof index; SUPPORTING,YES,jeremy-homelab-ops,inventories/proxmox-inventory-20260626-010601.json,PRIMARY,evidence-library/projects/on-prem-home-lab/current-validated-state/source-summaries/home-lab-source-of-truth.md,evidence-library/projects/on-prem-home-lab/current-validated-state/provenance.json,SAFE,Inspected Proxmox inventory path for the narrow version claim; no secret material identified.,Validated,Personal nonproduction lab only.,Publish a sanitized/direct inventory excerpt or stop labeling the summary route as full evidence.,DIRECT_SOURCE_AVAILABLE
ACT-CLAIM-002,"VMs 100, 200, 300, and 400 are the current primary lab VMs and were observed running.",index.html:current supported state; projects.html:home-lab evidence; on-prem-home-lab.html:validated state; home-lab-operations-proof.html:inventory table; proof.html:home lab proof; dashboard.html:systems metric,Current; Validated,evidence-library/projects/on-prem-home-lab/validated-2026-06-29/home-lab-backup-restore-validation-20260629.txt; evidence-library/projects/on-prem-home-lab/current-validated-state/manifest.json,PRIMARY/PROCEDURE; INDEX,YES,jeremyfontenot,evidence-library/projects/on-prem-home-lab/validated-2026-06-29/home-lab-backup-restore-validation-20260629.txt,PRIMARY,evidence-library/projects/on-prem-home-lab/current-validated-state/manifest.json,evidence-library/projects/on-prem-home-lab/current-validated-state/provenance.json,SAFE,"Public text evidence lists VMIDs, names, and running state without secrets.",Validated,Does not prove guest application health beyond listed checks.,Keep direct evidence link prominent.,DIRECT_PUBLIC_EVIDENCE
ACT-CLAIM-003,pfSense is represented as VM 100 in the lab inventory.,projects.html:home-lab environment; on-prem-home-lab.html:topology; home-lab-operations-proof.html:inventory table; proof.html:home lab proof,Current; Validated,proof.html#home-lab-proof; evidence-library/projects/on-prem-home-lab/current-validated-state/manifest.json,proof index; INDEX,YES,jeremy-homelab-ops,inventories/proxmox-inventory-20260626-010601.json,PRIMARY,evidence-library/projects/on-prem-home-lab/current-validated-state/source-summaries/home-lab-source-of-truth.md,evidence-library/projects/on-prem-home-lab/current-validated-state/provenance.json,SAFE,Proxmox inventory directly records VM 100 and name; no unrelated Linux evidence used.,Validated,Does not prove pfSense rule correctness or full firewall assurance.,Publish sanitized/direct Proxmox VM excerpt if the claim remains labeled Validated.,DIRECT_SOURCE_AVAILABLE
ACT-CLAIM-004,DC01 is VM 200 running Windows Server 2022 and serving the ad.jeremyfontenot.online/JFAD domain.,projects.html:home-lab environment; on-prem-home-lab.html:topology; home-lab-operations-proof.html:inventory table; proof.html:home lab proof; resume.html:Windows/AD skills,Current; Validated,evidence-library/projects/on-prem-home-lab/screenshots/figure-02-dc01-adds-fsmo-roles.png; evidence-library/projects/on-prem-home-lab/current-validated-state/source-summaries/home-lab-source-of-truth.md,VISUAL; SUPPORTING,YES,jeremy-homelab-ops,inventories/dc01-inventory-20260626-022543.json,PRIMARY,evidence-library/projects/on-prem-home-lab/current-validated-state/source-summaries/home-lab-inventory-validation.md,evidence-library/projects/on-prem-home-lab/current-validated-state/provenance.json,SANITIZE,Raw DC01 inventory includes executing account and internal object details; publish a sanitized excerpt only.,Validated,Personal lab domain only; no employer or production administration implied.,Add sanitized DC01 inventory excerpt and keep screenshots as visual supplements.,DIRECT_SOURCE_AVAILABLE_SANITIZE
ACT-CLAIM-005,WS01 is VM 300 running Windows 10 Pro 10.0.19045 build 19045 on the lab network.,projects.html:home-lab environment; on-prem-home-lab.html:topology; home-lab-operations-proof.html:inventory table; proof.html:home lab proof,Current; Validated,proof.html#home-lab-proof; evidence-library/projects/on-prem-home-lab/current-validated-state/source-summaries/home-lab-source-of-truth.md,proof index; SUPPORTING,YES,jeremy-homelab-ops,inventories/ws01-inventory-20260626-012952.json,PRIMARY,evidence-library/projects/on-prem-home-lab/current-validated-state/source-summaries/home-lab-inventory-validation.md,evidence-library/projects/on-prem-home-lab/current-validated-state/provenance.json,SANITIZE,Raw WS01 inventory includes account and local admin details; sanitized excerpt required for publication.,Validated,Does not establish production workstation administration.,Publish sanitized WS01 OS/network/domain excerpt before linking as direct public proof.,DIRECT_SOURCE_AVAILABLE_SANITIZE
ACT-CLAIM-006,Linux01 is VM 400 running Ubuntu 26.04 LTS with kernel 7.0.0-22-generic.,projects.html:home-lab environment; on-prem-home-lab.html:topology and Linux01 card; home-lab-operations-proof.html:inventory table; proof.html:home lab proof; resume.html:Linux/networking skills,Current; Validated,evidence-library/projects/on-prem-home-lab/screenshots/figure-12-linux01-system-state.png; evidence-library/projects/on-prem-home-lab/current-validated-state/source-summaries/home-lab-source-of-truth.md,VISUAL; SUPPORTING,YES,jeremy-homelab-ops,inventories/linux01-inventory-20260626-084312.json,PRIMARY,evidence-library/projects/on-prem-home-lab/current-validated-state/source-summaries/home-lab-inventory-validation.md,evidence-library/projects/on-prem-home-lab/current-validated-state/provenance.json,SANITIZE,Raw Linux inventory includes host identifiers and execution context; publish a narrow sanitized excerpt.,Validated,Personal lab host only.,Use sanitized Linux01 OS/kernel excerpt; keep screenshot as visual supplement.,DIRECT_SOURCE_AVAILABLE_SANITIZE
ACT-CLAIM-007,Linux01 is on VLAN 30 at 10.10.30.20/24 with gateway 10.10.30.1 and DNS 10.10.20.10.,index.html:current supported state; projects.html:home-lab environment; on-prem-home-lab.html:validated state and topology; home-lab-operations-proof.html:inventory table; proof.html:home lab proof,Current; Validated,evidence-library/projects/on-prem-home-lab/current-validated-state/source-summaries/home-lab-source-reconciliation.md; evidence-library/projects/on-prem-home-lab/screenshots/figure-12-linux01-system-state.png,SUPPORTING; VISUAL,YES,jeremy-homelab-ops,inventories/linux01-inventory-20260626-084312.json,PRIMARY,evidence-library/projects/on-prem-home-lab/current-validated-state/source-summaries/home-lab-source-reconciliation.md,evidence-library/projects/on-prem-home-lab/current-validated-state/provenance.json,SANITIZE,Raw inventory includes internal host identifiers; sanitize to network fields and provenance hash.,Validated,Does not prove all inter-VLAN policy behavior.,Publish sanitized network-state excerpt or adjust label to reconciliation summary.,DIRECT_SOURCE_AVAILABLE_SANITIZE
ACT-CLAIM-008,Older Linux01 10.10.20.x references are historical and not the current supported Linux01 address.,on-prem-home-lab.html:validated state; proof.html:home lab proof,Limitation; Historical,evidence-library/projects/on-prem-home-lab/current-validated-state/source-summaries/home-lab-source-reconciliation.md,SUPPORTING,YES,jeremy-homelab-ops,evidence/home-lab-source-reconciliation-20260626-012606.md,PROCEDURE,evidence-library/projects/on-prem-home-lab/current-validated-state/source-summaries/home-lab-source-reconciliation.md,evidence-library/projects/on-prem-home-lab/current-validated-state/provenance.json,SAFE,Reconciliation source states current versus historical boundary.,Limitation,Boundary statement only; not a new capability claim.,Keep limitation visible wherever old Linux01 references appear.,DIRECT_SOURCE_AVAILABLE
ACT-CLAIM-009,"DC01 evidence supports AD DS, DNS, DHCP, Group Policy, FSMO role ownership, and Windows Server 2022 administration in the lab.",index.html:current supported state; projects.html:home-lab validation; on-prem-home-lab.html:DC01 card; proof.html:home lab proof; resume.html:Windows/AD skills,Validated,evidence-library/projects/on-prem-home-lab/screenshots/figure-02-dc01-adds-fsmo-roles.png; evidence-library/projects/on-prem-home-lab/screenshots/figure-04-dc01-dns-forward-reverse-zones.png; evidence-library/projects/on-prem-home-lab/screenshots/figure-05-dc01-dhcp-scope-options.png; evidence-library/projects/on-prem-home-lab/screenshots/figure-07-dc01-gpo-inventory.png,VISUAL; VISUAL; VISUAL; VISUAL,YES,jeremy-homelab-ops,inventories/dc01-inventory-20260626-022543.json,PRIMARY,evidence-library/projects/on-prem-home-lab/current-validated-state/source-summaries/home-lab-inventory-validation.md,evidence-library/projects/on-prem-home-lab/current-validated-state/provenance.json,SANITIZE,Raw DC01 inventory includes account/object details; screenshots are supplements but not enough for every subclaim.,Validated,Lab administration only; no enterprise scale or production SLA implied.,Publish sanitized DC01 role/FSMO/DNS/DHCP/GPO excerpt and retitle visual-only links where needed.,DIRECT_SOURCE_AVAILABLE_SANITIZE
ACT-CLAIM-010,The AD/FSMO screenshot displays DC01 AD DS role and FSMO role state.,on-prem-home-lab.html:figure captions; proof.html:screenshot evidence,Validated,evidence-library/projects/on-prem-home-lab/screenshots/figure-02-dc01-adds-fsmo-roles.png,VISUAL,YES,jeremyfontenot,evidence-library/projects/on-prem-home-lab/screenshots/figure-02-dc01-adds-fsmo-roles.png,VISUAL,evidence-library/projects/on-prem-home-lab/screenshots/screenshots-manifest.json,evidence-library/projects/on-prem-home-lab/current-validated-state/provenance.json,NOT_INSPECTED_BINARY,Binary screenshot path exists; this audit did not OCR/re-render the PNG contents.,Validated if visual contents remain as captioned,Screenshot is visual evidence only for visible state.,Pair with sanitized DC01 inventory for stronger proof.,DIRECT_PUBLIC_VISUAL_NOT_INSPECTED
ACT-CLAIM-011,The DNS screenshot displays forward and reverse DNS zone state for DC01.,on-prem-home-lab.html:figure captions; proof.html:screenshot evidence,Validated,evidence-library/projects/on-prem-home-lab/screenshots/figure-04-dc01-dns-forward-reverse-zones.png,VISUAL,YES,jeremyfontenot,evidence-library/projects/on-prem-home-lab/screenshots/figure-04-dc01-dns-forward-reverse-zones.png,VISUAL,evidence-library/projects/on-prem-home-lab/screenshots/screenshots-manifest.json,evidence-library/projects/on-prem-home-lab/current-validated-state/provenance.json,NOT_INSPECTED_BINARY,Binary screenshot path exists; no OCR performed.,Validated if visible contents match caption,Visual evidence only; does not prove all DNS records are correct.,Add sanitized exported DNS evidence for command-verifiable support.,DIRECT_PUBLIC_VISUAL_NOT_INSPECTED
ACT-CLAIM-012,The DHCP screenshot displays DC01 DHCP scope and option state.,on-prem-home-lab.html:figure captions; proof.html:screenshot evidence,Validated,evidence-library/projects/on-prem-home-lab/screenshots/figure-05-dc01-dhcp-scope-options.png,VISUAL,YES,jeremyfontenot,evidence-library/projects/on-prem-home-lab/screenshots/figure-05-dc01-dhcp-scope-options.png,VISUAL,evidence-library/projects/on-prem-home-lab/screenshots/screenshots-manifest.json,evidence-library/projects/on-prem-home-lab/current-validated-state/provenance.json,NOT_INSPECTED_BINARY,Binary screenshot path exists; no OCR performed.,Validated if visible contents match caption,Visual evidence only; does not prove full DHCP service health.,Add sanitized DHCP export if making command-verified claim.,DIRECT_PUBLIC_VISUAL_NOT_INSPECTED
ACT-CLAIM-013,The GPO screenshot displays a Group Policy inventory state.,on-prem-home-lab.html:figure captions; proof.html:screenshot evidence,Validated,evidence-library/projects/on-prem-home-lab/screenshots/figure-07-dc01-gpo-inventory.png,VISUAL,YES,jeremyfontenot,evidence-library/projects/on-prem-home-lab/screenshots/figure-07-dc01-gpo-inventory.png,VISUAL,evidence-library/projects/on-prem-home-lab/screenshots/screenshots-manifest.json,evidence-library/projects/on-prem-home-lab/current-validated-state/provenance.json,NOT_INSPECTED_BINARY,Binary screenshot path exists; no OCR performed.,Validated if visible contents match caption,Visual evidence only; does not prove policy application to every endpoint.,Add sanitized GPO export if broader claim remains.,DIRECT_PUBLIC_VISUAL_NOT_INSPECTED
ACT-CLAIM-014,The Linux01 screenshot displays Linux system state evidence.,on-prem-home-lab.html:figure captions; proof.html:screenshot evidence,Validated,evidence-library/projects/on-prem-home-lab/screenshots/figure-12-linux01-system-state.png,VISUAL,YES,jeremyfontenot,evidence-library/projects/on-prem-home-lab/screenshots/figure-12-linux01-system-state.png,VISUAL,evidence-library/projects/on-prem-home-lab/screenshots/screenshots-manifest.json,evidence-library/projects/on-prem-home-lab/current-validated-state/provenance.json,NOT_INSPECTED_BINARY,Binary screenshot path exists; no OCR performed.,Validated if visible contents match caption,Pair with Linux01 inventory for direct command output.,Do not use screenshot alone for SSSD/Kerberos/UFW/sudo claims.,DIRECT_PUBLIC_VISUAL_NOT_INSPECTED
ACT-CLAIM-015,The evidence archive screenshot displays central evidence export/hash state.,on-prem-home-lab.html:figure captions,Validated,evidence-library/projects/on-prem-home-lab/screenshots/figure-15-dc01-central-evidence-export-validation.png,VISUAL,YES,jeremyfontenot,evidence-library/projects/on-prem-home-lab/screenshots/figure-15-dc01-central-evidence-export-validation.png,VISUAL,evidence-library/projects/on-prem-home-lab/screenshots/screenshots-manifest.json,evidence-library/projects/on-prem-home-lab/current-validated-state/provenance.json,NOT_INSPECTED_BINARY,Binary screenshot path exists; no OCR performed.,Validated if visible contents match caption,Visual hash display does not replace manifest/provenance records.,Pair with public hash/provenance records rather than label as full evidence.,DIRECT_PUBLIC_VISUAL_NOT_INSPECTED
ACT-CLAIM-016,The Proxmox backup storage named backup-hdd is mounted at /mnt/pve/backup-hdd.,index.html:current supported state; on-prem-home-lab.html:architecture layers; proof.html:home lab proof,Current; Validated,evidence-library/projects/on-prem-home-lab/validated-2026-06-29/home-lab-backup-restore-validation-20260629.txt,PRIMARY/PROCEDURE,YES,jeremyfontenot,evidence-library/projects/on-prem-home-lab/validated-2026-06-29/home-lab-backup-restore-validation-20260629.txt,PRIMARY,evidence-library/projects/on-prem-home-lab/current-validated-state/source-summaries/backup-and-restore-validation.md,evidence-library/projects/on-prem-home-lab/current-validated-state/provenance.json,SAFE,Public evidence directly lists mounted storage and path.,Validated,Does not prove disk health beyond captured state.,Keep direct link.,DIRECT_PUBLIC_EVIDENCE
ACT-CLAIM-017,"The backup job backup-critical-lab-vms uses snapshot mode, zstd compression, keep-last=4 retention, and covers VMs 100/200/300/400.",index.html:current supported state; projects.html:home-lab validation; on-prem-home-lab.html:backup card; home-lab-operations-proof.html:inventory table; proof.html:home lab proof,Current; Validated,evidence-library/projects/on-prem-home-lab/validated-2026-06-29/home-lab-backup-restore-validation-20260629.txt; evidence-library/projects/on-prem-home-lab/current-validated-state/source-summaries/backup-and-restore-validation.md,PRIMARY/PROCEDURE; SUPPORTING,YES,jeremyfontenot,evidence-library/projects/on-prem-home-lab/validated-2026-06-29/home-lab-backup-restore-validation-20260629.txt,PRIMARY,evidence-library/projects/on-prem-home-lab/current-validated-state/source-summaries/backup-and-restore-validation.md,evidence-library/projects/on-prem-home-lab/current-validated-state/provenance.json,SAFE,Public text evidence directly lists backup job properties.,Validated,Configured retention does not prove restore success for every VM.,Keep direct evidence link; avoid assigning backup evidence to unrelated claims.,DIRECT_PUBLIC_EVIDENCE
ACT-CLAIM-018,"Backup counts showed four retained backups for each VM 100, 200, 300, and 400 at capture time.",on-prem-home-lab.html:backup card; proof.html:home lab proof,Current; Validated,evidence-library/projects/on-prem-home-lab/validated-2026-06-29/home-lab-backup-restore-validation-20260629.txt,PRIMARY/PROCEDURE,YES,jeremyfontenot,evidence-library/projects/on-prem-home-lab/validated-2026-06-29/home-lab-backup-restore-validation-20260629.txt,PRIMARY,evidence-library/projects/on-prem-home-lab/current-validated-state/source-summaries/backup-and-restore-validation.md,evidence-library/projects/on-prem-home-lab/current-validated-state/provenance.json,SAFE,Public text evidence lists per-VM backup counts.,Validated,Point-in-time count only.,Keep point-in-time wording.,DIRECT_PUBLIC_EVIDENCE
ACT-CLAIM-019,"An isolated Linux01 restore drill restored VM 400 to temporary VM 401, isolated networking before boot, verified Ubuntu 26.04 LTS startup and QEMU Guest Agent communication, then shut down and purged VM 401.",on-prem-home-lab.html:validated state and restore card; proof.html:home lab proof,Tested; Validated,evidence-library/projects/on-prem-home-lab/validated-2026-06-29/home-lab-backup-restore-validation-20260629.txt,PRIMARY/PROCEDURE,YES,jeremyfontenot,evidence-library/projects/on-prem-home-lab/validated-2026-06-29/home-lab-backup-restore-validation-20260629.txt,PROCEDURE,evidence-library/projects/on-prem-home-lab/current-validated-state/source-summaries/backup-and-restore-validation.md,evidence-library/projects/on-prem-home-lab/current-validated-state/provenance.json,SAFE,Public text evidence records restore procedure and result.,Validated,Isolated Linux01 drill only; no recurring restore assurance or RTO/RPO.,Keep direct restore evidence link and limitation.,DIRECT_PUBLIC_EVIDENCE
ACT-CLAIM-020,"The restore drill does not prove recurring restore assurance, disaster recovery, RTO, or RPO.",on-prem-home-lab.html:restore limitation; home-lab-operations-proof.html:boundaries; proof.html:home lab proof; dashboard.html:limitations,Limitation,evidence-library/projects/on-prem-home-lab/current-validated-state/source-summaries/backup-and-restore-validation.md; evidence-library/projects/on-prem-home-lab/validated-2026-06-29/home-lab-backup-restore-validation-20260629.txt,SUPPORTING; PRIMARY/PROCEDURE,YES,jeremyfontenot,evidence-library/projects/on-prem-home-lab/validated-2026-06-29/home-lab-backup-restore-validation-20260629.txt,PROCEDURE,evidence-library/projects/on-prem-home-lab/current-validated-state/source-summaries/backup-and-restore-validation.md,evidence-library/projects/on-prem-home-lab/current-validated-state/provenance.json,SAFE,Direct restore artifact supports the narrow scope; limitation remains a public boundary statement.,Limitation,"Keep as limitation, not proof of additional capability.",Retain limitation wherever restore claim appears.,LIMITATION_SUPPORTED
ACT-CLAIM-021,"The lab has an OpenVPN management path used for controlled management access, with DC01 DNS/RDP reachability observed from that path.",index.html:current supported state; projects.html:home-lab evidence; on-prem-home-lab.html:topology; proof.html:home lab proof; resume.html:Linux/networking skills,Current; Validated,evidence-library/projects/on-prem-home-lab/current-validated-state/source-summaries/home-lab-source-reconciliation.md,SUPPORTING,YES,jeremy-homelab-ops,evidence/home-lab-source-reconciliation-20260626-012606.md,PROCEDURE,evidence-library/projects/on-prem-home-lab/current-validated-state/source-summaries/home-lab-source-reconciliation.md,evidence-library/projects/on-prem-home-lab/current-validated-state/provenance.json,SAFE,Source reconciliation records observed reachability and timeout-only boundaries.,Validated,TCP reachability is not full service validation.,Change public link label from full evidence to reconciliation summary unless sanitized direct capture is published.,DIRECT_SOURCE_AVAILABLE
ACT-CLAIM-022,Expected blocked management-path tests timed out for DC01 SMB 445 and pfSense WAN direct RDP 3389.,home-lab-operations-proof.html:boundaries; proof.html:home lab proof limitation,Tested; Limitation,evidence-library/projects/on-prem-home-lab/current-validated-state/source-summaries/home-lab-source-reconciliation.md,SUPPORTING,YES,jeremy-homelab-ops,evidence/home-lab-source-reconciliation-20260626-012606.md,PROCEDURE,evidence-library/projects/on-prem-home-lab/current-validated-state/source-summaries/home-lab-source-reconciliation.md,evidence-library/projects/on-prem-home-lab/current-validated-state/provenance.json,SAFE,Source records timeout-only result; wording must not become outage or full firewall assurance.,Limitation,Timeout-only evidence; does not prove full segmentation policy.,Keep timeout-only wording and publish sanitized direct result only if needed.,DIRECT_SOURCE_AVAILABLE
ACT-CLAIM-023,Linux01 initially had SSSD responder activation conflicts involving enabled failed sockets and a rejected config_file_version=2 directive.,home-lab-operations-proof.html:SSSD issue section; proof.html:home lab proof; on-prem-home-lab.html:Linux01 card,Validated,evidence-library/projects/on-prem-home-lab/current-validated-state/source-summaries/linux01-sssd-remediation.md,SUPPORTING,YES,jeremy-homelab-ops,evidence/linux01-sssd-remediation-20260626-110159.md,PROCEDURE,evidence-library/projects/on-prem-home-lab/current-validated-state/source-summaries/linux01-sssd-remediation.md,evidence-library/projects/on-prem-home-lab/current-validated-state/provenance.json,SANITIZE,Raw remediation evidence includes root paths and identity test details; publish sanitized procedure excerpt.,Validated,Applies to Linux01 in the personal lab only.,Publish sanitized SSSD diagnostic excerpt or relabel current link as supporting summary.,DIRECT_SOURCE_AVAILABLE_SANITIZE
ACT-CLAIM-024,"Linux01 SSSD remediation removed only the rejected directive, disabled conflicting NSS/PAM/PAC sockets, restarted SSSD, and cleared failed-unit state.",home-lab-operations-proof.html:SSSD remediation section; proof.html:home lab proof; on-prem-home-lab.html:Linux01 card,Validated,evidence-library/projects/on-prem-home-lab/current-validated-state/source-summaries/linux01-sssd-remediation.md,SUPPORTING,YES,jeremy-homelab-ops,evidence/linux01-sssd-remediation-20260626-110159.md,PROCEDURE,evidence-library/projects/on-prem-home-lab/current-validated-state/source-summaries/linux01-sssd-remediation.md,evidence-library/projects/on-prem-home-lab/current-validated-state/provenance.json,SANITIZE,Raw evidence includes file paths and account identity; sanitized direct procedure excerpt required.,Validated,No broader Linux hardening assurance implied.,Publish sanitized remediation-step excerpt or relabel summary link.,DIRECT_SOURCE_AVAILABLE_SANITIZE
ACT-CLAIM-025,"Post-remediation validation showed sssd.service enabled/active, zero failed units, SSSD config validation passed, AD identity lookup passed, and a new AD-authenticated SSH session passed.",home-lab-operations-proof.html:validation results; proof.html:home lab proof; on-prem-home-lab.html:Linux01 card; resume.html:Linux/networking skills,Validated; Tested,evidence-library/projects/on-prem-home-lab/current-validated-state/source-summaries/linux01-sssd-remediation.md,SUPPORTING,YES,jeremy-homelab-ops,evidence/linux01-sssd-remediation-20260626-110159.md,PROCEDURE,evidence-library/projects/on-prem-home-lab/current-validated-state/source-summaries/linux01-sssd-remediation.md,evidence-library/projects/on-prem-home-lab/current-validated-state/provenance.json,SANITIZE,Direct procedure exists but raw identity/host details should be reduced before publication.,Validated,Validates Linux01 SSSD/SSH path only; not all domain-authentication scenarios.,Publish sanitized validation excerpt; do not use unrelated SSSD evidence for non-Linux claims.,DIRECT_SOURCE_AVAILABLE_SANITIZE
ACT-CLAIM-026,Pre- and post-remediation SSSD hashes were recorded for provenance.,home-lab-operations-proof.html:SSSD traceability; proof.html:home lab proof,Validated,evidence-library/projects/on-prem-home-lab/current-validated-state/source-summaries/linux01-sssd-remediation.md,SUPPORTING,YES,jeremy-homelab-ops,evidence/linux01-sssd-remediation-20260626-110159.md,PROCEDURE,evidence-library/projects/on-prem-home-lab/current-validated-state/source-summaries/linux01-sssd-remediation.md,evidence-library/projects/on-prem-home-lab/current-validated-state/provenance.json,SANITIZE,Hashes are safe but raw file includes adjacent root paths and identity validation details.,Validated,Hash traceability does not prove a broader control framework.,Publish hash-only/provenance excerpt rather than raw remediation record.,DIRECT_SOURCE_AVAILABLE_SANITIZE
ACT-CLAIM-027,The repository structure validation script passed with pwsh -NoProfile -File .\tests\Test-RepositoryStructure.ps1.,home-lab-operations-proof.html:validation table; projects.html:automation project,Tested; Verified,evidence-library/projects/on-prem-home-lab/validated-2026-06-26/operations-validation-summary.json,SUPPORTING,YES,jeremy-homelab-ops,evidence/repository-validation-20260626-010050.md,PROCEDURE,evidence-library/projects/on-prem-home-lab/validated-2026-06-26/operations-validation-summary.json,evidence-library/projects/on-prem-home-lab/current-validated-state/provenance.json,SAFE,Procedure artifact exists but predates the audited ops commit; use with a recency limitation.,Validated with limitation,Direct result artifact is not from audited ops commit 6b9f043; rerun/capture if presenting as current.,Collect commit-specific validation output or downgrade to documented prior pass.,DIRECT_SOURCE_AVAILABLE_WITH_RECENCY_LIMITATION
ACT-CLAIM-028,The HomeLab baseline framework test passed.,home-lab-operations-proof.html:validation table; projects.html:automation project,Tested; Verified,evidence-library/projects/on-prem-home-lab/validated-2026-06-26/operations-validation-summary.json,SUPPORTING,NO,,,,evidence-library/projects/on-prem-home-lab/validated-2026-06-26/operations-validation-summary.json,evidence-library/projects/on-prem-home-lab/current-validated-state/provenance.json,SAFE,Only a public operations summary row was found; no direct command output artifact matched this pass at the audited commit.,Documented until direct test output is collected,Summary-only pass statement.,Collect direct read-only test output or downgrade from Verified/Tested.,SUPPORTING_ONLY_NEEDS_DOWNGRADE
ACT-CLAIM-029,The portfolio home-lab drift validation test passed.,home-lab-operations-proof.html:validation table; projects.html:automation project,Tested; Verified,evidence-library/projects/on-prem-home-lab/validated-2026-06-26/operations-validation-summary.json,SUPPORTING,NO,,,,evidence-library/projects/on-prem-home-lab/validated-2026-06-26/operations-validation-summary.json,evidence-library/projects/on-prem-home-lab/current-validated-state/provenance.json,SAFE,No direct captured output for this specific drift test was found in active public evidence or ops source evidence.,Documented until direct test output is collected,Summary-only pass statement.,Collect direct test output or downgrade public classification.,SUPPORTING_ONLY_NEEDS_DOWNGRADE
ACT-CLAIM-030,"JSON parsing, PowerShell parser validation, Bash syntax checks, policy-aware connectivity checks, and Git whitespace checks were included in the operations validation set.",home-lab-operations-proof.html:validation table; projects.html:automation project,Tested; Verified,evidence-library/projects/on-prem-home-lab/validated-2026-06-26/operations-validation-summary.json,SUPPORTING,NO,,,,evidence-library/projects/on-prem-home-lab/validated-2026-06-26/operations-validation-summary.json,evidence-library/projects/on-prem-home-lab/current-validated-state/provenance.json,SAFE,"Summary lists validation categories, but direct per-check output was not found for every named check.",Documented partial validation,Do not present as fully command-verified without direct command output for each check.,Collect direct outputs per check or narrow wording.,SUPPORTING_ONLY_NEEDS_DOWNGRADE
ACT-CLAIM-031,"Microsoft 365 evidence includes tenant, organization, domain, and subscribed SKU exports for the personal tenant.",index.html:M365 card; projects.html:M365 project; proof.html:M365 proof; resume.html:M365 familiarity,Validated,evidence-library/projects/microsoft-365-lab/m365-entra-site-proof-map-20260605.md; evidence-library/projects/microsoft-365-lab/evidence/entra-exports-20260605-073748/tenant-organization-domains-skus.json,INDEX/SUPPORTING; PRIMARY,YES,jeremyfontenot,evidence-library/projects/microsoft-365-lab/evidence/entra-exports-20260605-073748/tenant-organization-domains-skus.json,PRIMARY,evidence-library/projects/microsoft-365-lab/m365-entra-site-proof-map-20260605.md,evidence-library/projects/microsoft-365-lab/evidence/entra-exports-20260605-073748/microsoft-365-lab-evidence-manifest-20260605.csv,SAFE,Public curated tenant export exists; no secret-bearing artifact class identified.,Validated,Personal tenant artifacts only; no employer/client tenant administration.,Keep direct JSON evidence paired with proof map.,DIRECT_PUBLIC_EVIDENCE
ACT-CLAIM-032,Microsoft 365 evidence includes tenant users and groups.,index.html:M365 card; projects.html:M365 project; proof.html:M365 proof; resume.html:M365 familiarity,Validated,evidence-library/projects/microsoft-365-lab/m365-entra-site-proof-map-20260605.md; evidence-library/projects/microsoft-365-lab/evidence/entra-exports-20260605-073748/entra-users-license-state.csv; evidence-library/projects/microsoft-365-lab/evidence/entra-exports-20260605-073748/entra-groups.csv,INDEX/SUPPORTING; PRIMARY; PRIMARY,YES,jeremyfontenot,evidence-library/projects/microsoft-365-lab/evidence/entra-exports-20260605-073748/entra-users-license-state.csv; evidence-library/projects/microsoft-365-lab/evidence/entra-exports-20260605-073748/entra-groups.csv,PRIMARY,evidence-library/projects/microsoft-365-lab/m365-entra-site-proof-map-20260605.md,evidence-library/projects/microsoft-365-lab/evidence/entra-exports-20260605-073748/microsoft-365-lab-evidence-manifest-20260605.csv,SAFE,Evidence is already public and curated; no passwords/tokens/private keys identified by sampled inspection.,Validated,Does not prove production tenant administration.,Keep direct CSV links; avoid using this evidence for non-M365 claims.,DIRECT_PUBLIC_EVIDENCE
ACT-CLAIM-033,"Microsoft 365 evidence includes directory roles, role assignments, and licenses.",index.html:M365 card; projects.html:M365 project; proof.html:M365 proof,Validated,evidence-library/projects/microsoft-365-lab/evidence/entra-exports-20260605-073748/entra-directory-roles.csv; evidence-library/projects/microsoft-365-lab/evidence/entra-exports-20260605-073748/entra-directory-role-assignments.csv; evidence-library/projects/microsoft-365-lab/evidence/entra-exports-20260605-073748/entra-users-license-state.csv,PRIMARY; PRIMARY; PRIMARY,YES,jeremyfontenot,evidence-library/projects/microsoft-365-lab/evidence/entra-exports-20260605-073748/entra-directory-roles.csv; evidence-library/projects/microsoft-365-lab/evidence/entra-exports-20260605-073748/entra-directory-role-assignments.csv; evidence-library/projects/microsoft-365-lab/evidence/entra-exports-20260605-073748/entra-users-license-state.csv,PRIMARY,evidence-library/projects/microsoft-365-lab/m365-entra-site-proof-map-20260605.md,evidence-library/projects/microsoft-365-lab/evidence/entra-exports-20260605-073748/microsoft-365-lab-evidence-manifest-20260605.csv,SAFE,Public curated exports exist; no secret-bearing artifact class identified.,Validated,Personal tenant only; no privileged employer tenant claim.,Keep direct CSV links.,DIRECT_PUBLIC_EVIDENCE
ACT-CLAIM-034,"Microsoft 365 evidence includes Conditional Access, security defaults, authentication methods, and named-location exports or summaries.",index.html:M365 card; projects.html:M365 project; proof.html:M365 proof,Validated,evidence-library/projects/microsoft-365-lab/evidence/entra-exports-20260605-073748/entra-conditional-access-policies.json; evidence-library/projects/microsoft-365-lab/evidence/entra-exports-20260605-073748/entra-conditional-access-policies-summary.csv; evidence-library/projects/microsoft-365-lab/evidence/entra-exports-20260605-073748/entra-authorization-policy-security-defaults.json; evidence-library/projects/microsoft-365-lab/evidence/entra-exports-20260605-073748/entra-authentication-methods-policy.json,PRIMARY; PRIMARY; PRIMARY; PRIMARY,YES,jeremyfontenot,evidence-library/projects/microsoft-365-lab/evidence/entra-exports-20260605-073748/entra-conditional-access-policies.json; evidence-library/projects/microsoft-365-lab/evidence/entra-exports-20260605-073748/entra-authorization-policy-security-defaults.json; evidence-library/projects/microsoft-365-lab/evidence/entra-exports-20260605-073748/entra-authentication-methods-policy.json,PRIMARY,evidence-library/projects/microsoft-365-lab/m365-entra-site-proof-map-20260605.md,evidence-library/projects/microsoft-365-lab/evidence/entra-exports-20260605-073748/microsoft-365-lab-evidence-manifest-20260605.csv,SAFE,Public curated exports exist; no authentication material identified by inspection.,Validated,Configuration export only; does not prove complete security assurance.,Keep direct JSON/CSV links and security limitation.,DIRECT_PUBLIC_EVIDENCE
ACT-CLAIM-035,Microsoft 365 evidence includes sign-in and directory audit activity exports for the personal tenant.,index.html:M365 card; projects.html:M365 project; proof.html:M365 proof,Validated,evidence-library/projects/microsoft-365-lab/evidence/entra-exports-20260605-073748/entra-signins-last-30-days.csv; evidence-library/projects/microsoft-365-lab/evidence/entra-exports-20260605-073748/entra-directory-audit-last-30-days.csv,PRIMARY; PRIMARY,YES,jeremyfontenot,evidence-library/projects/microsoft-365-lab/evidence/entra-exports-20260605-073748/entra-signins-last-30-days.csv; evidence-library/projects/microsoft-365-lab/evidence/entra-exports-20260605-073748/entra-directory-audit-last-30-days.csv,PRIMARY,evidence-library/projects/microsoft-365-lab/m365-entra-site-proof-map-20260605.md,evidence-library/projects/microsoft-365-lab/evidence/entra-exports-20260605-073748/microsoft-365-lab-evidence-manifest-20260605.csv,SAFE,Already-public curated CSVs were checked for secret-token patterns; none were identified.,Validated,Activity export only; no continuous monitoring or full security assurance.,Keep direct CSV links; avoid broad security claims.,DIRECT_PUBLIC_EVIDENCE
ACT-CLAIM-036,"Microsoft 365 evidence includes applications, service principals, OAuth grants, and devices.",index.html:M365 card; projects.html:M365 project; proof.html:M365 proof,Validated,evidence-library/projects/microsoft-365-lab/evidence/entra-exports-20260605-073748/entra-applications.csv; evidence-library/projects/microsoft-365-lab/evidence/entra-exports-20260605-073748/entra-service-principals.csv; evidence-library/projects/microsoft-365-lab/evidence/entra-exports-20260605-073748/entra-devices.csv,PRIMARY; PRIMARY; PRIMARY,YES,jeremyfontenot,evidence-library/projects/microsoft-365-lab/evidence/entra-exports-20260605-073748/entra-applications.csv; evidence-library/projects/microsoft-365-lab/evidence/entra-exports-20260605-073748/entra-service-principals.csv; evidence-library/projects/microsoft-365-lab/evidence/entra-exports-20260605-073748/entra-devices.csv,PRIMARY,evidence-library/projects/microsoft-365-lab/m365-entra-site-proof-map-20260605.md,evidence-library/projects/microsoft-365-lab/evidence/entra-exports-20260605-073748/microsoft-365-lab-evidence-manifest-20260605.csv,SAFE,Public curated exports exist; no passwords/tokens/private keys identified in sampled files.,Validated,Personal tenant inventory only.,Keep direct CSV links; avoid unrelated evidence matches.,DIRECT_PUBLIC_EVIDENCE
ACT-CLAIM-037,"Microsoft 365 admin-center screenshots visually support tenant, domain, active user, group, and license states.",index.html:M365 card; proof.html:M365 proof,Validated,evidence-library/projects/microsoft-365-lab/evidence/entra-exports-20260605-073748/m365-admin-center-homepage-20260605.png; evidence-library/projects/microsoft-365-lab/evidence/entra-exports-20260605-073748/m365-admin-center-domains-jeremyfontenot-online-20260605.png; evidence-library/projects/microsoft-365-lab/evidence/entra-exports-20260605-073748/m365-admin-center-active-users-20260605.png; evidence-library/projects/microsoft-365-lab/evidence/entra-exports-20260605-073748/m365-admin-center-active-teams-groups-20260605.png; evidence-library/projects/microsoft-365-lab/evidence/entra-exports-20260605-073748/m365-admin-center-licenses-20260605.png,VISUAL; VISUAL; VISUAL; VISUAL; VISUAL,YES,jeremyfontenot,evidence-library/projects/microsoft-365-lab/evidence/entra-exports-20260605-073748/m365-admin-center-homepage-20260605.png,VISUAL,evidence-library/projects/microsoft-365-lab/m365-entra-site-proof-map-20260605.md,evidence-library/projects/microsoft-365-lab/evidence/entra-exports-20260605-073748/microsoft-365-lab-evidence-manifest-20260605.csv,NOT_INSPECTED_BINARY,Binary screenshots exist; this audit did not OCR/re-render image contents.,Validated if visible contents match proof map,Screenshots are visual supplements; prefer CSV/JSON where available.,"Keep screenshots as visual evidence, not replacements for CSV/JSON exports.",DIRECT_PUBLIC_VISUAL_NOT_INSPECTED
ACT-CLAIM-038,Microsoft 365 proof inventories and hash records track public evidence artifacts.,index.html:M365 card; proof.html:M365 proof,Documented,evidence-library/projects/microsoft-365-lab/m365-entra-proof-inventory-20260605.csv; evidence-library/projects/microsoft-365-lab/m365-entra-proof-hashes-20260605.csv; evidence-library/projects/microsoft-365-lab/evidence/entra-exports-20260605-073748/microsoft-365-lab-evidence-manifest-20260605.csv,INDEX; INDEX; INDEX,NO,,,,evidence-library/projects/microsoft-365-lab/m365-entra-proof-inventory-20260605.csv; evidence-library/projects/microsoft-365-lab/m365-entra-proof-hashes-20260605.csv,evidence-library/projects/microsoft-365-lab/evidence/entra-exports-20260605-073748/microsoft-365-lab-evidence-manifest-20260605.csv,SAFE,"Inventories and hash records are INDEX artifacts, not primary proof for underlying tenant-state claims.",Documented,Index artifacts support traceability only.,Do not label inventory/hash rows as full evidence for tenant state.,INDEX_ONLY_TRACEABILITY
ACT-CLAIM-039,"PowerShell automation and validation work includes repository validation scripts, manifest/hash generation, link checks, and read-only baseline tooling.",index.html:automation card; projects.html:PowerShell automation project; resume.html:PowerShell/validation skills; contact.html:portfolio review route,Documented; Validated for script existence,scripts/validation; scripts/audits; evidence-library/projects/on-prem-home-lab/current-validated-state/manifest.json,SOURCE; SOURCE; INDEX,YES,jeremyfontenot,scripts/validation,PRIMARY,evidence-library/projects/on-prem-home-lab/validated-2026-06-26/operations-validation-summary.json,evidence-library/projects/on-prem-home-lab/current-validated-state/provenance.json,SAFE,"Script directories are source evidence for tooling existence, not evidence that every tool passed.",Documented,Script existence is not the same as successful command execution.,Separate tooling-exists claims from test-passed claims.,DIRECT_SOURCE_FOR_EXISTENCE_ONLY
ACT-CLAIM-040,"Repository governance/deployment quality work includes static-site validation, sitemap checks, structured data, document hash records, screenshot review, and deployment workflow records.",projects.html:repository governance project; dashboard.html:review state; contact.html:portfolio review route,Documented,artifacts/site-audit/screenshot-review.md; artifacts/site-audit/link-validation.md; .github/workflows,SUPPORTING; SUPPORTING; SOURCE,NO,,,,artifacts/site-audit/screenshot-review.md; artifacts/site-audit/link-validation.md,,SAFE,"Found supporting audit reports and source workflow files, but no single direct current procedure output for all named activities in active-surface scope.",Documented,Do not present as one fully validated outcome without per-check direct outputs.,Keep as documented work summary or split into separately evidenced checks.,SUPPORTING_ONLY
ACT-CLAIM-041,The dashboard reports four primary systems in current supported state.,dashboard.html:metrics,Current,evidence-library/projects/on-prem-home-lab/current-validated-state/manifest.json; proof.html#home-lab-proof,INDEX; proof index,YES,jeremyfontenot,evidence-library/projects/on-prem-home-lab/validated-2026-06-29/home-lab-backup-restore-validation-20260629.txt,PRIMARY,evidence-library/projects/on-prem-home-lab/current-validated-state/manifest.json,evidence-library/projects/on-prem-home-lab/current-validated-state/provenance.json,SAFE,Direct public backup/restore validation lists four current VMs running.,Validated,"Metric is VM/system count, not service health count.",Keep direct evidence mapping.,DIRECT_PUBLIC_EVIDENCE
ACT-CLAIM-042,The dashboard reports six current-state manifest records.,dashboard.html:metrics,Current,evidence-library/projects/on-prem-home-lab/current-validated-state/manifest.json,INDEX,NO,,,,evidence-library/projects/on-prem-home-lab/current-validated-state/manifest.json,evidence-library/projects/on-prem-home-lab/current-validated-state/provenance.json,SAFE,Manifest is an INDEX artifact; it supports its own record count but is not primary proof for technical state.,Documented,Index record count only.,Avoid treating this metric as direct system proof.,INDEX_ONLY_NEEDS_DOWNGRADE
ACT-CLAIM-043,The dashboard reports nine public home-lab screenshots.,dashboard.html:metrics,Current,evidence-library/projects/on-prem-home-lab/screenshots/screenshots-manifest.json,INDEX,NO,,,,evidence-library/projects/on-prem-home-lab/screenshots/screenshots-manifest.json,evidence-library/projects/on-prem-home-lab/current-validated-state/provenance.json,SAFE,"Screenshot manifest is an INDEX artifact; it supports count/listing, not each underlying technical claim.",Documented,Count of screenshot artifacts only.,"Keep as evidence-library inventory metric, not validated state proof.",INDEX_ONLY_NEEDS_DOWNGRADE
ACT-CLAIM-044,The dashboard reports DOCX SHA-256 prefix d7e81a06dcfb for the public home-lab documentation.,dashboard.html:metrics,Current,assets/documents/Jeremy-Fontenot-On-Premises-Home-Lab-Documentation.docx; evidence-library/projects/on-prem-home-lab/current-validated-state/provenance.json,BINARY; INDEX,YES,jeremyfontenot,assets/documents/Jeremy-Fontenot-On-Premises-Home-Lab-Documentation.docx,PRIMARY,evidence-library/projects/on-prem-home-lab/current-validated-state/provenance.json,evidence-library/projects/on-prem-home-lab/current-validated-state/provenance.json,NOT_INSPECTED_BINARY,Binary exists and can be hashed; this audit did not inspect DOCX contents.,Validated for file hash only,"Hash proves file identity only, not documentation accuracy.",Keep hash-specific wording; do not use the DOCX hash as proof of skill.,DIRECT_PUBLIC_BINARY_NOT_INSPECTED
ACT-CLAIM-045,The public DOCX is published under assets/documents and mirrored in the evidence library with provenance tracking.,dashboard.html:document status; index.html:documentation link,Current; Documented,assets/documents/Jeremy-Fontenot-On-Premises-Home-Lab-Documentation.docx; evidence-library/projects/on-prem-home-lab/current-validated-state/provenance.json,BINARY; INDEX,YES,jeremyfontenot,assets/documents/Jeremy-Fontenot-On-Premises-Home-Lab-Documentation.docx,PRIMARY,evidence-library/projects/on-prem-home-lab/current-validated-state/provenance.json,evidence-library/projects/on-prem-home-lab/current-validated-state/provenance.json,NOT_INSPECTED_BINARY,Binary file exists; provenance is index/traceability evidence.,Documented,File publication does not independently validate contained technical claims.,Keep as publication/provenance claim only.,DIRECT_PUBLIC_BINARY_NOT_INSPECTED
ACT-CLAIM-046,"The public portfolio does not claim employer production administration, enterprise scale, guaranteed uptime, RTO/RPO, recurring restore assurance, or full security assurance.",proof.html:negative claim boundaries; home-lab-operations-proof.html:boundaries; dashboard.html:limitations; resume.html:evidence boundary,Limitation,proof.html#home-lab-proof; evidence-library/projects/on-prem-home-lab/current-validated-state/claim-map.csv,proof index; INDEX,NO,,,,evidence-library/projects/on-prem-home-lab/current-validated-state/claim-map.csv,evidence-library/projects/on-prem-home-lab/current-validated-state/provenance.json,SAFE,Claim-map/index can document explicit public boundary; it is not direct proof for any positive technical state.,Limitation,Boundary statement; requires continued site-wide wording review.,Keep visible limitation and ensure no active page contradicts it.,LIMITATION_INDEX_SUPPORTED
ACT-CLAIM-047,Raw private materials were excluded from the public operations proof set.,home-lab-operations-proof.html:boundaries,Limitation; Documented,evidence-library/projects/on-prem-home-lab/validated-2026-06-26/README.md; evidence-library/projects/on-prem-home-lab/current-validated-state/redaction-log.md,SUPPORTING; SUPPORTING,NO,,,,evidence-library/projects/on-prem-home-lab/current-validated-state/redaction-log.md; evidence-library/projects/on-prem-home-lab/validated-2026-06-26/README.md,evidence-library/projects/on-prem-home-lab/current-validated-state/provenance.json,SAFE,Redaction/supporting records document exclusion; absence of private material cannot be fully proven by summaries alone.,Documented limitation,Requires manual review before any future copy/publish operation.,Keep as documented redaction boundary.,SUPPORTING_ONLY_LIMITATION
ACT-CLAIM-048,TCP reachability checks are not full service validation.,home-lab-operations-proof.html:boundaries; proof.html:home lab limitation,Limitation,evidence-library/projects/on-prem-home-lab/current-validated-state/source-summaries/home-lab-source-reconciliation.md,SUPPORTING,YES,jeremy-homelab-ops,evidence/home-lab-source-reconciliation-20260626-012606.md,PROCEDURE,evidence-library/projects/on-prem-home-lab/current-validated-state/source-summaries/home-lab-source-reconciliation.md,evidence-library/projects/on-prem-home-lab/current-validated-state/provenance.json,SAFE,Source reconciliation records limited TCP outcomes and boundary language.,Limitation,Do not convert timeout/reachability evidence into service-health or outage claims.,Keep limitation alongside reachability evidence.,LIMITATION_SUPPORTED
ACT-CLAIM-049,"The website repository contains the static site, evidence library, and validation scripts.",contact.html:portfolio review route; index.html:methodology,Documented,proof.html; dashboard.html; scripts/validation,active page; active page; SOURCE,YES,jeremyfontenot,scripts/validation,PRIMARY,,,SAFE,Repository-local source paths directly support existence of scripts and public site files.,Documented,Existence of files does not prove validation pass results.,No remediation needed if wording stays as repository-content claim.,DIRECT_SOURCE_FOR_EXISTENCE_ONLY
ACT-CLAIM-050,Portfolio evidence represents personal lab and repository work unless explicitly labeled as employment experience.,resume.html:evidence boundary; proof.html:negative claim boundaries,Limitation,proof.html#home-lab-proof; resume.html,proof index; active page,NO,,,,proof.html; resume.html,,SAFE,Public boundary is stated on active pages; not a primary technical proof artifact.,Limitation,Boundary must be maintained if future employment claims are added.,Keep wording and avoid overextending lab evidence to employer production work.,LIMITATION_PUBLIC_TEXT
ACT-CLAIM-051,"Service desk/RCA project records emphasize symptoms, scope, troubleshooting, root cause, remediation planning, and limitations without unsupported impact metrics.",projects.html:service desk and RCA project; resume.html:professional summary,Documented,projects.html#service-desk-rca,active-page anchor,NO,,,,projects.html,,SAFE,"Active public page describes the project, but no direct RCA artifact in active proof links was matched.",Documented,Do not present as validated operational incident outcome without direct RCA artifacts.,Fix missing anchor or remove evidence-style anchor; collect direct RCA artifact if stronger classification is needed.,NO_DIRECT_MATCH
ACT-CLAIM-052,Linux01 has rsyslog/logging evidence in the lab inventory.,on-prem-home-lab.html:logging layer; resume.html:Linux/networking skills,Current; Validated,evidence-library/projects/on-prem-home-lab/current-validated-state/source-summaries/centralized-logging-expansion.md; evidence-library/projects/on-prem-home-lab/screenshots/figure-12-linux01-system-state.png,SUPPORTING; VISUAL,YES,jeremy-homelab-ops,inventories/linux01-inventory-20260626-084312.json,PRIMARY,evidence-library/projects/on-prem-home-lab/current-validated-state/source-summaries/centralized-logging-expansion.md,evidence-library/projects/on-prem-home-lab/current-validated-state/provenance.json,SANITIZE,Raw Linux inventory includes rsyslog listener state plus host identifiers; sanitized excerpt required.,Validated,"Does not prove centralized log retention, alerting, or SIEM capability.",Publish sanitized rsyslog-specific excerpt or narrow public wording.,DIRECT_SOURCE_AVAILABLE_SANITIZE
ACT-CLAIM-053,Linux01 has QEMU Guest Agent communication evidence.,on-prem-home-lab.html:Linux01 card and restore state; proof.html:home lab proof; home-lab-operations-proof.html:inventory table,Current; Validated,evidence-library/projects/on-prem-home-lab/validated-2026-06-29/home-lab-backup-restore-validation-20260629.txt; evidence-library/projects/on-prem-home-lab/current-validated-state/source-summaries/home-lab-source-of-truth.md,PRIMARY/PROCEDURE; SUPPORTING,YES,jeremyfontenot,evidence-library/projects/on-prem-home-lab/validated-2026-06-29/home-lab-backup-restore-validation-20260629.txt,PRIMARY,evidence-library/projects/on-prem-home-lab/current-validated-state/source-summaries/home-lab-source-of-truth.md,evidence-library/projects/on-prem-home-lab/current-validated-state/provenance.json,SAFE,Public restore validation directly records QEMU Guest Agent communication for restored Linux01.,Validated,Restore-drill guest-agent result does not prove continuous guest-agent monitoring.,Keep direct public evidence and point-in-time limitation.,DIRECT_PUBLIC_EVIDENCE
ACT-CLAIM-054,"The public proof methodology relies on commands, authenticated inventories, manifests, hashes, screenshot review, repository validation, source paths, and limitations rather than dates alone.",index.html:methodology; proof.html:proof model; dashboard.html:source review,Documented,proof.html; dashboard.html; evidence-library/projects/on-prem-home-lab/current-validated-state/manifest.json; evidence-library/projects/on-prem-home-lab/current-validated-state/provenance.json,active page; active page; INDEX; INDEX,NO,,,,evidence-library/projects/on-prem-home-lab/current-validated-state/manifest.json; evidence-library/projects/on-prem-home-lab/current-validated-state/provenance.json,evidence-library/projects/on-prem-home-lab/current-validated-state/provenance.json,SAFE,Methodology claim is supported by indexes and public text; indexes are not primary proof for individual technical claims.,Documented,Each underlying claim still requires its own direct evidence.,Keep methodology but do not use it as substitute proof.,INDEX_ONLY_TRACEABILITY
